undl_id,symbol,session,date,year,body,draft,committee_report,meeting,title,agenda_title,subjects,vote_note,yes,no,abstain,nonvoting,total,n_rollcall,c3_source,record_url
658810,A/RES/2647(XXV),25,1970-11-30,1970,General Assembly,,A/8163,A/PV.1915,Elimination of all forms of racial discrimination : resolution / adopted by the General Assembly,Elimination of all forms of racial discrimination.,,,49,33,10,35,127,127,agenda,https://digitallibrary.un.org/record/658810
654360,A/RES/2770(XXVI),26,1971-11-22,1971,General Assembly,,A/8507,A/PV.1991,"Youth, its problems and needs, and its participation in social development : resolution / adopted by the General Assembly",World social situation.,,,91,0,0,40,131,131,agenda,https://digitallibrary.un.org/record/654360
654365,A/RES/2771(XXVI),26,1971-11-22,1971,General Assembly,,A/8507,A/PV.1991,World social situation : resolution / adopted by the General Assembly,World social situation.,,,95,0,3,33,131,131,agenda,https://digitallibrary.un.org/record/654365
654404,A/RES/2784(XXVI),26,1971-12-06,1971,General Assembly,,A/8542,A/PV.2001,Elimination of all forms of racial discrimination : resolution / adopted by the General Assembly,Elimination of all forms of racial discrimination.,,,93,5,15,18,131,131,agenda,https://digitallibrary.un.org/record/654404
654405,A/RES/2785(XXVI),26,1971-12-06,1971,General Assembly,,A/8542,A/PV.2001,International Year for Action to Combat Racism and Racial Discrimination : resolution / adopted by the General Assembly,Elimination of all forms of racial discrimination.,,,87,2,23,19,131,131,agenda,https://digitallibrary.un.org/record/654405
654406,A/RES/2786(XXVI),26,1971-12-06,1971,General Assembly,,A/8542,A/PV.2001,Draft convention on the suppression and punishment of the Crime of apartheid : resolution / adopted by the General Assembly,Elimination of all forms of racial discrimination.,,,86,5,23,17,131,131,agenda,https://digitallibrary.un.org/record/654406
654407,A/RES/2787(XXVI),26,1971-12-06,1971,General Assembly,,A/8543,A/PV.2001,Importance of the universal realization of the right of peoples to self-determination and of the speedy granting of independence to colonial countries and peoples for the effective guarantee and observance of human rights : resolution / adopted by the General Assembly,Importance of the universal realization of the right of peoples to self-determination and of the speedy granting of independence to colonial countries and peoples for the effective guarantee and observance of human rights.,,,76,10,33,12,131,131,agenda,https://digitallibrary.un.org/record/654407
653985,A/RES/2955(XXVII),27,1972-12-12,1972,General Assembly,,A/8936,A/PV.2107,Importance of the universal realization of the right of peoples to self-determination and of the speedy granting of independence to colonial countries and peoples for the effective guarantee and observance of human rights : resolution / adopted by the General Assembly,Importance of the universal realization of the right of peoples to self-determination and of the speedy granting of independence to colonial countries and peoples for the effective guarantee and observance of human rights.,,,89,8,18,17,132,132,agenda,https://digitallibrary.un.org/record/653985
652180,A/RES/3148(XXVIII),28,1973-12-14,1973,General Assembly,,A/9394,A/PV.2201,Preservation and further development of cultural values : resolution / adopted by the General Assembly,Human rights and scientific and technological developments.,,,123,0,5,7,135,135,agenda,https://digitallibrary.un.org/record/652180
652181,A/RES/3149(XXVIII),28,1973-12-14,1973,General Assembly,,A/9394,A/PV.2201,Human rights and scientific and technological developments : resolution / adopted by the General Assembly,Human rights and scientific and technological developments.,,,118,0,10,7,135,135,agenda,https://digitallibrary.un.org/record/652181
652182,A/RES/3150(XXVIII),28,1973-12-14,1973,General Assembly,,A/9394,A/PV.2201,Use of scientific and technological developments in the interests of peace and social development : resolution / adopted by the General Assembly,Human rights and scientific and technological developments.,,,112,0,17,6,135,135,agenda,https://digitallibrary.un.org/record/652182
651017,A/RES/3246(XXIX),29,1974-11-29,1974,General Assembly,,A/9866,A/PV.2303,Importance of the universal realization of the right of peoples to self-determination and of the speedy granting of independence to colonial countries and peoples for the effective guarantee and observance of human rights : resolution / adopted by the General Assembly,Importance of the universal realization of the right of peoples to self-determination and of the speedy granting of independence to colonial countries and peoples for the effective guarantee and observance of human rights.,,,107,1,20,10,138,138,agenda,https://digitallibrary.un.org/record/651017
650276,A/RES/3377(XXX),30,1975-11-10,1975,General Assembly,,A/10320,A/PV.2400,Implementation of the Programme for the Decade for Action to Combat Racism and Racial Discrimination : resolution / adopted by the General Assembly,Elimination of all forms of racial discrimination.,,,117,19,5,1,142,142,agenda,https://digitallibrary.un.org/record/650276
650323,A/RES/3378(XXX),30,1975-11-10,1975,General Assembly,,A/10320,A/PV.2400,World conference to combat racism and racial discrimination : resolution / adopted by the General Assembly,Elimination of all forms of racial discrimination.,,,116,18,7,1,142,142,agenda,https://digitallibrary.un.org/record/650323
650324,A/RES/3379(XXX),30,1975-11-10,1975,General Assembly,,A/10320,A/PV.2400,Elimination of all forms of racial discrimination : resolution / adopted by the General Assembly,Elimination of all forms of racial discrimination.,,,72,35,32,3,142,142,agenda,https://digitallibrary.un.org/record/650324
650332,A/RES/3383(XXX),30,1975-11-10,1975,General Assembly,,A/10321,A/PV.2400,"Adverse consequences for the enjoyment of human rights of political, military, economic and other forms of assistance given to colonial and racist regimes in southern Africa : resolution / adopted by the General Assembly","Adverse consequences for the enjoyment of human rights of political, military, economic and other forms of assistance given to colonial and racist regimes in Southern Africa.",,,109,0,10,23,142,142,agenda,https://digitallibrary.un.org/record/650332
650469,A/RES/3451(XXX),30,1975-12-09,1975,General Assembly,,A/10404,A/PV.2433,Alternative approaches and ways and means within the United Nations system for improving the effective enjoyment of human rights and fundamental freedoms : resolution / adopted by the General Assembly,Alternative approaches and ways and means within the United Nations system for improving the effective enjoyment of human rights and fundamental freedoms.,,,125,0,4,15,144,144,agenda,https://digitallibrary.un.org/record/650469
649025,A/RES/31/33,31,1976-11-30,1976,General Assembly,,A/31/331,A/31/PV.83,"Adverse consequences for the enjoyment of human rights of political, military, economic and other forms of assistance given to colonial and racist regimes in southern Africa : resolution / adopted by the General Assembly","Adverse consequences for the enjoyment of human rights of policital, military, economic and other forms of assistance given to colonial and racist régimes in southern Africa.",,,97,11,28,9,145,145,agenda,https://digitallibrary.un.org/record/649025
649026,A/RES/31/34,31,1976-11-30,1976,General Assembly,,A/31/291,A/31/PV.83,Importance of the universal realization of the right of peoples to self-determination and of the speedy granting of independence to colonial countries and peoples for the effective guarantee and observance of human rights : resolution / adopted by the General Assembly,Importance of the universal realization of the right of peoples to self-determination and of the speedy granting of independence to colonial countries and peoples for the effective guarantee and observance of human rights.,,,109,4,24,8,145,145,agenda,https://digitallibrary.un.org/record/649026
649693,A/RES/31/77,31,1976-12-13,1976,General Assembly,,A/31/273,A/31/PV.97,Implementation of the Programme for the Decade for Action to Combat Racism and Racial Discrimination : resolution / adopted by the General Assembly,Elimination of all forms of racial discrimination.,,,113,1,14,18,146,146,agenda,https://digitallibrary.un.org/record/649693
649694,A/RES/31/78,31,1976-12-13,1976,General Assembly,,A/31/273,A/31/PV.97,World Conference to Combat Racism and Racial Discrimination : resolution / adopted by the General Assembly,Elimination of all forms of racial discrimination.,,,110,2,16,18,146,146,agenda,https://digitallibrary.un.org/record/649694
649695,A/RES/31/80,31,1976-12-13,1976,General Assembly,,A/31/273,A/31/PV.97,Status of the International Convention on the Suppression and Punishment of the Crime of Apartheid : resolution / adopted by the General Assembly,Elimination of all forms of racial discrimination.,,,99,0,30,17,146,146,agenda,https://digitallibrary.un.org/record/649695
649696,A/RES/31/84,31,1976-12-13,1976,General Assembly,,A/31/389,A/31/PV.97,World social situation : resolution / adopted by the General Assembly,World social situation.,,,120,0,12,14,146,146,agenda,https://digitallibrary.un.org/record/649696
649756,A/RES/31/128,31,1976-12-16,1976,General Assembly,,A/31/420,A/31/PV.102,Human rights and scientific and technological developments : resolution / adopted by the General Assembly,Human rights and scientific and technological developments.,,,126,0,8,13,147,147,agenda,https://digitallibrary.un.org/record/649756
643265,A/RES/32/12,32,1977-11-07,1977,General Assembly,,A/32/307,A/32/PV.60,Status of the International Convention on the Suppression and Punishment of the Crime of Apartheid : resolution / adopted by the General Assembly,Elimination of all forms of racial discrimination.,,,101,0,25,23,149,149,agenda,https://digitallibrary.un.org/record/643265
643269,A/RES/32/13,32,1977-11-07,1977,General Assembly,,A/32/307/Add.1,A/32/PV.60,Report of the Committee on the Elimination of Racial Discrimination : resolution / adopted by the General Assembly,Elimination of all forms of racial discrimination.,,,132,1,0,16,149,149,agenda,https://digitallibrary.un.org/record/643269
643271,A/RES/32/14,32,1977-11-07,1977,General Assembly,,A/32/318,A/32/PV.60,Importance of the universal realization of the right of peoples to self-determination and of the speedy granting of independence to colonial countries and peoples for the effective guarantee and observance of human rights : resolution / adopted by the General Assembly,Importance of the universal realization of the right of peoples to self-determination and of the speedy granting of independence to colonial countries and peoples for the effective guarantee and observance of human rights.,,,113,3,18,15,149,149,agenda,https://digitallibrary.un.org/record/643271
642642,A/RES/32/130,32,1977-12-16,1977,General Assembly,,A/32/423,A/32/PV.105,Alternative approaches and ways and means within the United Nations system for improving the effective enjoyment of human rights and fundamental freedoms : resolution / adopted by the General Assembly,Alternative approaches and ways and means within the United Nations system for improving the effective enjoyment of human rights and fundamental freedoms.,,,123,0,15,11,149,149,agenda,https://digitallibrary.un.org/record/642642
638759,A/RES/33/23,33,1978-11-29,1978,General Assembly,,A/33/383,A/33/PV.63,"Adverse consequences for the enjoyment of human rights of political, military, economic and other forms of assistance given to colonial and racist regimes in southern Africa : resolution / adopted by the General Assembly","Adverse consequences for the enjoyment of human rights of political, military, economic and other forms of assistance given to colonial and racist regimes in southern Africa.",,,100,7,22,21,150,150,agenda,https://digitallibrary.un.org/record/638759
638760,A/RES/33/24,33,1978-11-29,1978,General Assembly,,A/33/371,A/33/PV.63,Importance of the universal realization of the right of peoples to self-determination and of the speedy granting of independence to colonial countries and peoples for the effective guarantee and observance of human rights : resolution / adopted by the General Assembly,Importance of the universal realization of the right of peoples to self-determination and of the speedy granting of independence to colonial countries and peoples for the effective guarantee and observance of human rights.,,,92,19,20,19,150,150,agenda,https://digitallibrary.un.org/record/638760
638783,A/RES/33/53,33,1978-12-14,1978,General Assembly,,A/33/475,A/33/PV.84,Human rights and scientific and technological developments : resolution / adopted by the General Assembly,Human rights and scientific and technological developments.,,,83,0,48,19,150,150,agenda,https://digitallibrary.un.org/record/638783
638967,A/RES/33/103,33,1978-12-16,1978,General Assembly,,A/33/381,A/33/PV.86,Status of the International Convention on the Suppression and Punishment of the Crime of Apartheid : resolution / adopted by the General Assembly,Status of the International Convention on the Suppression and Punishment of the Crime of Apartheid.,,,109,0,30,11,150,150,agenda,https://digitallibrary.un.org/record/638967
638964,A/RES/33/98,33,1978-12-16,1978,General Assembly,,A/33/422,A/33/PV.86,Implementation of the Programme for the Decade for Action to Combat Racism and Racial Discrimination : resolution / adopted by the General Assembly,Implementation of the Programme for the Decade for Action to Combat Racism and Racial Discrimination.,,,124,0,12,14,150,150,agenda,https://digitallibrary.un.org/record/638964
632961,A/RES/34/24,34,1979-11-15,1979,General Assembly,,A/34/618,A/34/PV. 69, Implementation of the Programme for the Decade for Action to Combat Racism & Racial Discrimination : resolution / adopted by the General Assembly,Implementation of the Programme for the Decade for Action to Combat Racism and Racial Discrimination.,,,82,17,6,47,152,152,agenda,https://digitallibrary.un.org/record/632961
633052,A/RES/34/44,34,1979-11-23,1979,General Assembly,,A/34/695,A/34/PV. 76,Importance of the universal realization of the right of peoples to self-determination and of the speedy granting of independence to colonial countries and peoples for the effective guarantee and observance of human rights : resolution / adopted by the General Assembly,Importance of the universal realization of the right of peoples to self-determination and of the speedy granting of independence to colonial countries and peoples for the effective guarantee and observance of human rights.,,,105,20,16,11,152,152,agenda,https://digitallibrary.un.org/record/633052
633053,A/RES/34/46,34,1979-11-23,1979,General Assembly,,A/34/704,A/34/PV. 76,Alternative approaches and ways and means within the United Nations system for improvising the effective enjoyment of human rights and fundamental freedoms : resolution / adopted by the General Assembly,Alternative approaches and ways and means within the United Nations System for improving the effective enjoyment of human rights and fundamental freedoms.,,,136,1,7,8,152,152,agenda,https://digitallibrary.un.org/record/633053
633054,A/RES/34/47,34,1979-11-23,1979,General Assembly,,A/34/704,A/34/PV. 76,Services of the Secretariat concerned with human rights : resolution / adopted by the General Assembly,Alternative approaches and ways and means within the United Nations System for improving the effective enjoyment of human rights and fundamental freedoms.,,,103,0,39,10,152,152,agenda,https://digitallibrary.un.org/record/633054
633055,A/RES/34/48,34,1979-11-23,1979,General Assembly,,A/34/704,A/34/PV. 76,Alternative approaches and ways and means within the United Nations system for the improvement of the effective enjoyment of human rights and fundamental freedoms : resolution / adopted by the General Assembly,Alternative approaches and ways and means within the United Nations System for improving the effective enjoyment of human rights and fundamental freedoms.,,,72,26,40,14,152,152,agenda,https://digitallibrary.un.org/record/633055
629406,A/RES/35/39,35,1980-11-25,1980,General Assembly,,A/35/590,A/35/PV.73,Status of the International Convention on the Supression and Punishment of the Crime of Apartheid : resolution / adopted by the General Assembly,Status of the International Convention on the Suppression and Punishment of the Crime of Apartheid.,,,98,0,24,32,154,154,agenda,https://digitallibrary.un.org/record/629406
629613,A/RES/35/130A,35,1980-12-11,1980,General Assembly,,A/35/635,A/35/PV.92,Human rights and scientific and technological developments : resolution / adopted by the General Assembly,Human rights and scientific and technological developments.,,,111,0,30,13,154,154,agenda,https://digitallibrary.un.org/record/629613
629614,A/RES/35/130B,35,1980-12-11,1980,General Assembly,,A/35/635,A/35/PV.92,Human rights and scientific and technological developments : resolution / adopted by the General Assembly,Human rights and scientific and technological developments.,,,78,0,62,14,154,154,agenda,https://digitallibrary.un.org/record/629614
628623,A/RES/35/174,35,1980-12-15,1980,General Assembly,,A/35/721,A/35/PV.96,Alternative approaches and ways and means within the United Nations system for improving the effective enjoyment of human rights and fundamental freedoms : resolution / adopted by the General Assembly,Alternative approaches and ways and means within the United Nations System for improving the effective enjoyment of human rights and fundamental freedoms.,,,120,1,26,7,154,154,agenda,https://digitallibrary.un.org/record/628623
626564,A/RES/36/13,36,1981-10-28,1981,General Assembly,,A/36/623,A/36/PV.42,Status of the International Convention on the Suppression and Punishment of the Crime of Apartheid : resolution / adopted by the General Assembly,Status of the International Convention on the Suppression and Punishment of the Crime of Apartheid.,,,124,1,23,8,156,156,agenda,https://digitallibrary.un.org/record/626564
626555,A/RES/36/8,36,1981-10-28,1981,General Assembly,,A/36/621,A/36/PV.42,Implementation of the Programme for the Decade for Action to Combat Racism and Racial Discrimination : resolution / adopted by the General Assembly,Implementation of the Programme for the Decade for Action to Combat Racism and Racial Discrimination.,,,121,19,6,10,156,156,agenda,https://digitallibrary.un.org/record/626555
626577,A/RES/36/21,36,1981-11-09,1981,General Assembly,,A/36/645,A/36/PV.49,Crime prevention and criminal justice and development : resolution / adopted by the General Assembly,Crime prevention and criminal justice and development.,,,135,0,1,20,156,156,agenda,https://digitallibrary.un.org/record/626577
626822,A/RES/36/56A,36,1981-11-25,1981,General Assembly,,A/36/661,A/36/PV.73,Human rights and scientific and technological developments : resolution / adopted by the General Assembly,Human rights and scientific and technological developments.,,,119,0,24,14,157,157,agenda,https://digitallibrary.un.org/record/626822
610328,A/RES/37/39,37,1982-12-03,1982,General Assembly,,A/37/579,A/37/PV.90,"Adverse consequences for the enjoyment of human rights of political, military, economic and other forms of assistance given to the racist and colonialist regime of South Africa : resolution / adopted by the General Assembly","Adverse consequences for the enjoyment of human rights of political, military, economic and other forms of assistance given to colonial and racist regimes in southern Africa.",,,121,10,14,12,157,157,agenda,https://digitallibrary.un.org/record/610328
615330,A/RES/37/40,37,1982-12-03,1982,General Assembly,,A/37/595,A/37/PV.90,Implementation of the Programme for the Decade for Action to Combat Racism and Racial Discrimination : resolution / adopted by the General Assembly,Implementation of the Programme for the Decade for Action to Combat Racism and Racial Discrimination.,,,122,19,5,11,157,157,agenda,https://digitallibrary.un.org/record/615330
615709,A/RES/37/43,37,1982-12-03,1982,General Assembly,,A/37/580,A/37/PV.90,Importance of the universal realization of the right of peoples to self-determination and of the speedy granting of independence to colonial countries and peoples for the effective guarantee and observance of human rights : resolution / adopted by the General Assembly,Importance of the universal realization of the right of peoples to self-determination and of the speedy granting of independence to colonial countries and peoples for the effective guarantee and observance of human rights.,,,120,17,6,14,157,157,agenda,https://digitallibrary.un.org/record/615709
616483,A/RES/37/47,37,1982-12-03,1982,General Assembly,,A/37/581,A/37/PV.90,Status of the International Convention on the Suppression and Punishment of the Crime of Apartheid : resolution / adopted by the General Assembly,Status of the International Convention on the Suppression and Punishment of the Crime of Apartheid.,,,124,1,22,10,157,157,agenda,https://digitallibrary.un.org/record/616483
625468,A/RES/37/189A,37,1982-12-18,1982,General Assembly,,A/37/716,A/37/PV.111,Human rights and scientific and technological developments : resolution / adopted by the General Assembly,Human rights and scientific and technological developments.,,,110,0,24,23,157,157,agenda,https://digitallibrary.un.org/record/625468
625469,A/RES/37/189B,37,1982-12-18,1982,General Assembly,,A/37/716,A/37/PV.111,Human rights and scientific and technological developments : resolution / adopted by the General Assembly,Human rights and scientific and technological developments.,,,113,0,21,23,157,157,agenda,https://digitallibrary.un.org/record/625469
625470,A/RES/37/199,37,1982-12-18,1982,General Assembly,,A/37/693,A/37/PV.111,Alternate approaches and ways and means within the United Nations system for improving the effective enjoyment of human rights and fundamental freedoms : resolution / adopted by the General Assembly,Alternative approaches and ways and means within the United Nations System for improving the effective enjoyment of human rights and fundamental freedoms.,,,113,1,26,17,157,157,agenda,https://digitallibrary.un.org/record/625470
625693,A/RES/37/200,37,1982-12-18,1982,General Assembly,,A/37/693,A/37/PV.111,Further promotion and protection of human rights and fundamental freedoms : resolution / adopted by the General Assembly,Alternative approaches and ways and means within the United Nations System for improving the effective enjoyment of human rights and fundamental freedoms.,,,81,38,20,18,157,157,agenda,https://digitallibrary.un.org/record/625693
278640,A/RES/38/17,38,1983-11-22,1983,General Assembly,,A/38/542,A/38/PV.66,Importance of the universal realization of the right of peoples to self-determination and of the speedy granting of independence to colonial countries and peoples for the effective guarantee and observance of human rights : resolution / adopted by the General Assembly,Importance of the universal realization of the right of peoples to self-determination and of the speedy granting of independence to colonial countries and peoples for the effective guarantee and observance of human rights.,SELF-DETERMINATION OF PEOPLES,,104,17,6,31,158,158,agenda,https://digitallibrary.un.org/record/278640
278641,A/RES/38/19,38,1983-11-22,1983,General Assembly,,A/38/543,A/38/PV.66,Status of the International Convention on the Suppression and Punishment of the Crime of Apartheid : resolution / adopted by the General Assembly,Status of the International Convention on the Suppression and Punishment of the Crime of Apartheid.,,,110,1,23,24,158,158,agenda,https://digitallibrary.un.org/record/278641
278642,A/RES/38/25,38,1983-11-22,1983,General Assembly,,A/38/572,A/38/PV.66,National experience in achieving far-reaching social and economic changes for the purpose of social progress : resolution / adopted by the General Assembly,World social situation.,SOCIAL CONDITIONS,,131,1,8,18,158,158,agenda,https://digitallibrary.un.org/record/278642
278721,A/RES/38/112,38,1983-12-16,1983,General Assembly,,A/38/684,A/38/PV.100,Human rights and scientific and technological developments : resolution / adopted by the General Assembly,Human rights and scientific and technological developments.,SCIENCE AND TECHNOLOGY--HUMAN RIGHTS,,125,0,22,11,158,158,agenda,https://digitallibrary.un.org/record/278721
278722,A/RES/38/113,38,1983-12-16,1983,General Assembly,,A/38/684,A/38/PV.100,Human rights and use of scientific and technological developments : resolution / adopted by the General Assembly,Human rights and scientific and technological developments.,SCIENCE AND TECHNOLOGY--HUMAN RIGHTS,,123,0,23,12,158,158,agenda,https://digitallibrary.un.org/record/278722
278723,A/RES/38/124,38,1983-12-16,1983,General Assembly,,A/38/690,A/38/PV.100,Alternative approaches and ways and means within the United Nations system for improving the effective enjoyment of human rights and fundamental freedoms : resolution / adopted by the General Assembly,Alternative approaches and ways and means within the United Nations System for improving the effective enjoyment of human rights and fundamental freedoms.,HUMAN RIGHTS--ADVANCEMENT,,132,1,13,12,158,158,agenda,https://digitallibrary.un.org/record/278723
278842,A/RES/39/15,39,1984-11-23,1984,General Assembly,,A/39/654,A/39/PV.71,"Adverse consequences for the enjoyment of human rights of political, military, economic and other forms of assistance given to the racist and colonialist régime of South Africa : resolution / adopted by the General Assembly","Adverse consequences for the enjoyment of human rights of political, military, economic and other forms of assistance given to the racist and colonialist régime of South Africa.",SOUTH AFRICA--FOREIGN INTERESTS,,120,10,14,15,159,159,agenda,https://digitallibrary.un.org/record/278842
278843,A/RES/39/17,39,1984-11-23,1984,General Assembly,,A/39/657,A/39/PV.71,Importance of the universal realization of the right of peoples to self-determination and of the speedy granting of independence to colonial countries and peoples for the effective guarantee and observance of human rights : resolution / adopted by the General Assembly,Importance of the universal realization of the right of peoples to self-determination and of the speedy granting of independence to colonial countries and peoples for the effective guarantee and observance of human rights.,SELF-DETERMINATION OF PEOPLES,,121,17,7,14,159,159,agenda,https://digitallibrary.un.org/record/278843
278933,A/RES/39/133,39,1984-12-14,1984,General Assembly,,A/39/705,A/39/PV.101,Human rights and scientific and technological developments : resolution / adopted by the General Assembly,Human rights and scientific and technological developments.,SCIENCE AND TECHNOLOGY--HUMAN RIGHTS,,127,0,21,11,159,159,agenda,https://digitallibrary.un.org/record/278933
278934,A/RES/39/134,39,1984-12-14,1984,General Assembly,,A/39/705,A/39/PV.101,Human rights and use of scientific and technological developments : resolution / adopted by the General Assembly,Human rights and scientific and technological developments.,SCIENCE AND TECHNOLOGY--HUMAN RIGHTS,,124,6,17,12,159,159,agenda,https://digitallibrary.un.org/record/278934
278935,A/RES/39/137,39,1984-12-14,1984,General Assembly,,A/39/707,A/39/PV.101,Elaboration of a 2nd Optional Protocol to the International Covenant on Civil and Political Rights Aiming at the Abolition of the Death Penalty : resolution / adopted by the General Assembly,International covenants on human rights.,HUMAN RIGHTS--COVENANTS (1966),,64,19,55,21,159,159,agenda,https://digitallibrary.un.org/record/278935
278937,A/RES/39/145,39,1984-12-14,1984,General Assembly,,A/39/711,A/39/PV.101,Alternative approaches and ways and means within the United Nations System for improving the effective enjoyment of human rights and fundamental freedoms : resolution / adopted by the General Assembly,Alternative approaches and ways and means within the United Nations System for improving the effective enjoyment of human rights and fundamental freedoms.,HUMAN RIGHTS--ADVANCEMENT,,131,2,12,14,159,159,agenda,https://digitallibrary.un.org/record/278937
279743,A/RES/40/25,40,1985-11-29,1985,General Assembly,,A/40/863,A/40/PV.96,Importance of the universal realization of the right of peoples to self-determination and of the speedy granting of independence to colonial countries and peoples for the effective guarantee and observance of human rights : resolution / adopted by the General Assembly,Importance of the universal realization of the right of peoples to self-determination and of the speedy granting of independence to colonial countries and peoples for the effective guarantee and observance of human rights.,SELF-DETERMINATION OF PEOPLES,,118,17,9,15,159,159,agenda,https://digitallibrary.un.org/record/279743
279744,A/RES/40/27,40,1985-11-29,1985,General Assembly,,A/40/914,A/40/PV.96,Status of the International Convention on the Suppression and Punishment of the Crime of Apartheid : resolution / adopted by the General Assembly,Elimination of all forms of racial discrimination.,,,120,1,24,14,159,159,agenda,https://digitallibrary.un.org/record/279744
279745,A/RES/40/28,40,1985-11-29,1985,General Assembly,,A/40/914,A/40/PV.96,Report of the Committee on the Elimination of Racial Discrimination : resolution / adopted by the General Assembly,Elimination of all forms of racial discrimination.,,,136,1,9,13,159,159,agenda,https://digitallibrary.un.org/record/279745
279833,A/RES/40/100,40,1985-12-13,1985,General Assembly,,A/40/963,A/40/PV.116,World social situation : resolution / adopted by the General Assembly,World social situation.,,,127,1,24,7,159,159,agenda,https://digitallibrary.un.org/record/279833
279834,A/RES/40/111,40,1985-12-13,1985,General Assembly,,A/40/969,A/40/PV.116,Human rights and use of scientific and technological developments : resolution / adopted by the General Assembly,Human rights and scientific and technological developments.,SCIENCE AND TECHNOLOGY--HUMAN RIGHTS,,127,9,16,7,159,159,agenda,https://digitallibrary.un.org/record/279834
279835,A/RES/40/112,40,1985-12-13,1985,General Assembly,,A/40/969,A/40/PV.116,Human rights and scientific and technological developments : resolution / adopted by the General Assembly,Human rights and scientific and technological developments.,SCIENCE AND TECHNOLOGY--HUMAN RIGHTS,,131,0,22,6,159,159,agenda,https://digitallibrary.un.org/record/279835
279836,A/RES/40/114,40,1985-12-13,1985,General Assembly,,A/40/983,A/40/PV.116,"Indivisibility and interdependence of economic, social, cultural, civil and political rights : resolution / adopted by the General Assembly",International Covenants on Human Rights.,HUMAN RIGHTS--TREATIES (1966),,134,1,19,5,159,159,agenda,https://digitallibrary.un.org/record/279836
279837,A/RES/40/124,40,1985-12-13,1985,General Assembly,,A/40/970,A/40/PV.116,Alternative approaches and ways and means within the United Nations System for improving the effective enjoyment of human rights and fundamental freedoms : resolution / adopted by the General Assembly,Alternative approaches and ways and means within the United Nations System for improving the effective enjoyment of human rights and fundamental freedoms.,HUMAN RIGHTS ADVANCEMENT--UN SYSTEM,,130,1,22,6,159,159,agenda,https://digitallibrary.un.org/record/279837
280774,A/RES/41/101,41,1986-12-04,1986,General Assembly,,A/41/809,A/41/PV.97,Importance of the universal realization of the right of peoples to self-determination and of the speedy granting of independence to colonial countries and peoples for the effective guarantee and observance of human rights : resolution / adopted by the General Assembly,Importance of the universal realization of the right of peoples to self-determination and of the speedy granting of independence to colonial countries and peoples for the effective guarantee and observance of human rights.,SELF-DETERMINATION OF PEOPLES,,126,18,12,3,159,159,agenda,https://digitallibrary.un.org/record/280774
280775,A/RES/41/102,41,1986-12-04,1986,General Assembly,,A/41/809,A/41/PV.97,Use of mercenaries as a means to violate human rights and to impede the exercise of the right of peoples to self-determination : resolution / adopted by the General Assembly,Importance of the universal realization of the right of peoples to self-determination and of the speedy granting of independence to colonial countries and peoples for the effective guarantee and observance of human rights.,SELF-DETERMINATION OF PEOPLES,,120,11,23,5,159,159,agenda,https://digitallibrary.un.org/record/280775
280776,A/RES/41/103,41,1986-12-04,1986,General Assembly,,A/41/793,A/41/PV.97,Status of the International Convention on the Suppression and Punishment of the Crime of Apartheid : resolution / adopted by the General Assembly,Elimination of all forms of racial discrimination.,,,128,1,27,3,159,159,agenda,https://digitallibrary.un.org/record/280776
280777,A/RES/41/113,41,1986-12-04,1986,General Assembly,,A/41/876,A/41/PV.97,Human rights and use of scientific and technological developments : resolution / adopted by the General Assembly,Human rights and scientific and technological developments.,SCIENCE AND TECHNOLOGY--HUMAN RIGHTS,,129,10,15,5,159,159,agenda,https://digitallibrary.un.org/record/280777
280778,A/RES/41/115,41,1986-12-04,1986,General Assembly,,A/41/876,A/41/PV.97,Human rights and scientific and technological developments : resolution / adopted by the General Assembly,Human rights and scientific and technological developments.,SCIENCE AND TECHNOLOGY--HUMAN RIGHTS,,131,0,24,4,159,159,agenda,https://digitallibrary.un.org/record/280778
280780,A/RES/41/117,41,1986-12-04,1986,General Assembly,,A/41/878,A/41/PV.97,"Indivisibility and interdependence of economic, social, cultural, civil and political rights : resolution / adopted by the General Assembly",International Covenants on Human Rights.,HUMAN RIGHTS--TREATIES (1966),,129,1,25,4,159,159,agenda,https://digitallibrary.un.org/record/280780
280782,A/RES/41/128,41,1986-12-04,1986,General Assembly,,A/41/925,A/41/PV.97,Declaration on the Right to Development : resolution / adopted by the General Assembly,Alternative approaches and ways and means within the United Nations System for improving the effective enjoyment of human rights and fundamental freedoms.,HUMAN RIGHTS ADVANCEMENT--UN SYSTEM,,146,1,8,4,159,159,agenda,https://digitallibrary.un.org/record/280782
280783,A/RES/41/131,41,1986-12-04,1986,General Assembly,,A/41/925,A/41/PV.97,Alternative approaches and ways and means within the United Nations system for improving the effective enjoyment of human rights and fundamental freedoms : resolution / adopted by the General Assembly,Alternative approaches and ways and means within the United Nations System for improving the effective enjoyment of human rights and fundamental freedoms.,HUMAN RIGHTS ADVANCEMENT--UN SYSTEM,,134,1,21,3,159,159,agenda,https://digitallibrary.un.org/record/280783
280784,A/RES/41/132,41,1986-12-04,1986,General Assembly,,A/41/925,A/41/PV.97,Respect for the right of everyone to own property alone as well as in association with others and its contribution to the economic and social development of Member States : resolution / adopted by the General Assembly,Alternative approaches and ways and means within the United Nations System for improving the effective enjoyment of human rights and fundamental freedoms.,HUMAN RIGHTS ADVANCEMENT--UN SYSTEM,,109,0,41,9,159,159,agenda,https://digitallibrary.un.org/record/280784
280785,A/RES/41/133,41,1986-12-04,1986,General Assembly,,A/41/925,A/41/PV.97,Right to development : resolution / adopted by the General Assembly,Alternative approaches and ways and means within the United Nations System for improving the effective enjoyment of human rights and fundamental freedoms.,HUMAN RIGHTS ADVANCEMENT--UN SYSTEM,,133,11,12,3,159,159,agenda,https://digitallibrary.un.org/record/280785
280773,A/RES/41/95,41,1986-12-04,1986,General Assembly,,A/41/786,A/41/PV.97,"Adverse consequences for the enjoyment of human rights of political, military, economic and other forms of assistance given to the racist and colonialist régime of South Africa : resolution / adopted by the General Assembly","Adverse consequences for the enjoyment of human rights of political, military, economic and other forms of assistance given to the racist and colonialist régime of South Africa.",HUMAN RIGHTS--SOUTH AFRICA--ECONOMIC ASSISTANCE,,126,10,17,6,159,159,agenda,https://digitallibrary.un.org/record/280773
281062,A/RES/42/52,42,1987-11-30,1987,General Assembly,,A/42/772,A/42/PV.85,"Efforts and measures for securing the implementation by States and the enjoyment by youth of human rights in conditions of peace, particularly the right to education and to work : resolution / adopted by the General Assembly",Policies and programmes involving youth.,YOUTH,,156,1,0,2,159,159,agenda,https://digitallibrary.un.org/record/281062
281063,A/RES/42/56,42,1987-11-30,1987,General Assembly,,A/42/720,A/42/PV.85,Status of the International Convention on the Suppression and Punishment of the Crime of Apartheid : resolution / adopted by the General Assembly,Elimination of all forms of racial discrimination.,,,128,1,27,3,159,159,agenda,https://digitallibrary.un.org/record/281063
281091,A/RES/42/100,42,1987-12-07,1987,General Assembly,,A/42/804,A/42/PV.93,Human rights and scientific and technological developments : resolution / adopted by the General Assembly,Human rights and scientific and technological developments.,SCIENCE AND TECHNOLOGY--HUMAN RIGHTS,,131,0,24,4,159,159,agenda,https://digitallibrary.un.org/record/281091
281093,A/RES/42/102,42,1987-12-07,1987,General Assembly,,A/42/806,A/42/PV.93,"Indivisibility and interdependence of economic, social, cultural, civil and political rights : resolution / adopted by the General Assembly",International Covenants on Human Rights.,,,129,1,22,7,159,159,agenda,https://digitallibrary.un.org/record/281093
281094,A/RES/42/115,42,1987-12-07,1987,General Assembly,,A/42/792,A/42/PV.93,The impact of property on the enjoyment of human rights and fundamental freedoms : resolution / adopted by the General Assembly,Alternative approaches and ways and means within the United Nations System for improving the effective enjoyment of human rights and fundamental freedoms.,HUMAN RIGHTS ADVANCEMENT,,124,24,2,9,159,159,agenda,https://digitallibrary.un.org/record/281094
281095,A/RES/42/119,42,1987-12-07,1987,General Assembly,,A/42/792,A/42/PV.93,Alternative approaches and ways and means within the United Nations System for improving the effective enjoyment of human rights and fundamental freedoms : resolution / adopted by the General Assembly,Alternative approaches and ways and means within the United Nations System for improving the effective enjoyment of human rights and fundamental freedoms.,HUMAN RIGHTS ADVANCEMENT,,129,1,24,5,159,159,agenda,https://digitallibrary.un.org/record/281095
281088,A/RES/42/95,42,1987-12-07,1987,General Assembly,,A/42/773,A/42/PV.93,Importance of the universal realization of the right of peoples to self-determination and of the speedy granting of independence to colonial countries and peoples for the effective guarantee and observance of human rights : resolution / adopted by the General Assembly,Importance of the universal realization of the right of peoples to self-determination and of the speedy granting of independence to colonial countries and peoples for the effective guarantee and observance of human rights.,SELF-DETERMINATION OF PEOPLES,,126,17,10,6,159,159,agenda,https://digitallibrary.un.org/record/281088
281089,A/RES/42/96,42,1987-12-07,1987,General Assembly,,A/42/773,A/42/PV.93,Use of mercenaries as a means to violate human rights and to impede the exercise of the right of peoples to self-determination : resolution / adopted by the General Assembly,Importance of the universal realization of the right of peoples to self-determination and of the speedy granting of independence to colonial countries and peoples for the effective guarantee and observance of human rights.,SELF-DETERMINATION OF PEOPLES,,125,10,19,5,159,159,agenda,https://digitallibrary.un.org/record/281089
281090,A/RES/42/99,42,1987-12-07,1987,General Assembly,,A/42/804,A/42/PV.93,Human rights and use of scientific and technological developments : resolution / adopted by the General Assembly,Human rights and scientific and technological developments.,SCIENCE AND TECHNOLOGY--HUMAN RIGHTS,,129,9,15,6,159,159,agenda,https://digitallibrary.un.org/record/281090
281453,A/RES/43/106,43,1988-12-08,1988,General Assembly,,A/43/778,A/43/PV.75,Importance of the universal realization of the right of peoples to self-determination and of the speedy granting of independence to colonial countries and peoples for the effective guarantee and observance of human rights : resolution / adopted by the General Assembly,Importance of the universal realization of the right of peoples to self-determination and of the speedy granting of independence to colonial countries and peoples for the effective guarantee and observance of human rights.,SELF-DETERMINATION OF PEOPLES,,124,15,15,5,159,159,agenda,https://digitallibrary.un.org/record/281453
281454,A/RES/43/107,43,1988-12-08,1988,General Assembly,,A/43/778/Add.1,A/43/PV.75,Use of mercenaries as a means to violate human rights and to impede the exercise of the right of peoples to self-determination : resolution / adopted by the General Assembly,Importance of the universal realization of the right of peoples to self-determination and of the speedy granting of independence to colonial countries and peoples for the effective guarantee and observance of human rights.,SELF-DETERMINATION OF PEOPLES,,125,10,21,3,159,159,agenda,https://digitallibrary.un.org/record/281454
281455,A/RES/43/110,43,1988-12-08,1988,General Assembly,,A/43/870,A/43/PV.75,Human rights and scientific and technological developments : resolution / adopted by the General Assembly,Human rights and scientific and technological developments.,SCIENCE AND TECHNOLOGY--HUMAN RIGHTS,,133,0,24,2,159,159,agenda,https://digitallibrary.un.org/record/281455
281456,A/RES/43/113,43,1988-12-08,1988,General Assembly,,A/43/872,A/43/PV.75,"Indivisibility and interdependence of economic, social, cultural, civil and political rights : resolution / adopted by the General Assembly",International Covenants on Human Rights.,HUMAN RIGHTS--TREATIES (1966),,132,1,23,3,159,159,agenda,https://digitallibrary.un.org/record/281456
281457,A/RES/43/124,43,1988-12-08,1988,General Assembly,,A/43/876,A/43/PV.75,The impact of property on the enjoyment of human rights and fundamental freedoms : resolution / adopted by the General Assembly,Alternative approaches and ways and means within the United Nations System for improving the effective enjoyment of human rights and fundamental freedoms.,HUMAN RIGHTS ADVANCEMENT--UN,,129,24,1,5,159,159,agenda,https://digitallibrary.un.org/record/281457
281458,A/RES/43/125,43,1988-12-08,1988,General Assembly,,A/43/876,A/43/PV.75,Alternative approaches and ways and means within the United Nations System for improving the effective enjoyment of human rights and fundamental freedoms : resolution / adopted by the General Assembly,Alternative approaches and ways and means within the United Nations System for improving the effective enjoyment of human rights and fundamental freedoms.,HUMAN RIGHTS ADVANCEMENT--UN,,130,1,25,3,159,159,agenda,https://digitallibrary.un.org/record/281458
281459,A/RES/43/126,43,1988-12-08,1988,General Assembly,,A/43/876,A/43/PV.75,Alternative approaches and ways and means within the United Nations System for improving the effective enjoyment of human rights and fundamental freedoms : resolution / adopted by the General Assembly,Alternative approaches and ways and means within the United Nations System for improving the effective enjoyment of human rights and fundamental freedoms.,HUMAN RIGHTS ADVANCEMENT--UN,,135,8,14,2,159,159,agenda,https://digitallibrary.un.org/record/281459
281451,A/RES/43/92,43,1988-12-08,1988,General Assembly,,A/43/776,A/43/PV.75,"Adverse consequences for the enjoyment of human rights of political, military, economic and other forms of assistance given to the racist and colonialist régime of South Africa : resolution / adopted by the General Assembly","Adverse consequences for the enjoyment of human rights of political, military, economic and other forms of assistance given to the racist and colonialist régime of South Africa.",SOUTH AFRICA--FOREIGN INTERESTS,,129,10,17,3,159,159,agenda,https://digitallibrary.un.org/record/281451
281452,A/RES/43/97,43,1988-12-08,1988,General Assembly,,A/43/777,A/43/PV.75,Status of the International Convention on the Suppression and Punishment of the Crime of Apartheid : resolution / adopted by the General Assembly,Elimination of all forms of racial discrimination.,RACIAL DISCRIMINATION,,128,1,26,4,159,159,agenda,https://digitallibrary.un.org/record/281452
281750,A/RES/44/56,44,1989-12-08,1989,General Assembly,,A/44/749,A/44/PV.78,World social situation : resolution / adopted by the General Assembly,World social situation.,,,131,1,23,4,159,159,agenda,https://digitallibrary.un.org/record/281750
281751,A/RES/44/63,44,1989-12-08,1989,General Assembly,,A/44/799,A/44/PV.78,Alternative approaches and ways and means within the United Nations system for improving the effective enjoyment of human rights and fundamental freedoms : resolution / adopted by the General Assembly,Alternative approaches and ways and means within the United Nations System for improving the effective enjoyment of human rights and fundamental freedoms.,HUMAN RIGHTS ADVANCEMENT--UN SYSTEM,,129,1,25,4,159,159,agenda,https://digitallibrary.un.org/record/281751
281752,A/RES/44/69,44,1989-12-08,1989,General Assembly,,A/44/716,A/44/PV.78,Status of the International Convention on the Suppression and Punishment of the Crime of Apartheid : resolution / adopted by the General Assembly,Elimination of all forms of racial discrimination.,RACIAL DISCRIMINATION,,124,1,27,7,159,159,agenda,https://digitallibrary.un.org/record/281752
281753,A/RES/44/79,44,1989-12-08,1989,General Assembly,,A/44/717,A/44/PV.78,Importance of the universal realization of the right of peoples to self-determination and of the speedy granting of independence to colonial countries and peoples for the effective guarantee and observance of human rights : resolution / adopted by the General Assembly,Importance of the universal realization of the right of peoples to self-determination and of the speedy granting of independence to colonial countries and peoples for the effective guarantee and observance of human rights.,SELF-DETERMINATION OF PEOPLES,,123,15,16,5,159,159,agenda,https://digitallibrary.un.org/record/281753
281754,A/RES/44/81,44,1989-12-08,1989,General Assembly,,A/44/717,A/44/PV.78,Use of mercenaries as a means to violate human rights and to impede the exercise of the right of peoples to self-determination : resolution / adopted by the General Assembly,Importance of the universal realization of the right of peoples to self-determination and of the speedy granting of independence to colonial countries and peoples for the effective guarantee and observance of human rights.,SELF-DETERMINATION OF PEOPLES,,125,10,21,3,159,159,agenda,https://digitallibrary.un.org/record/281754
281801,A/RES/44/128,44,1989-12-15,1989,General Assembly,,A/44/824,A/44/PV.82,Elaboration of a 2nd Optional Protocol to the International Covenant on Civil and Political Rights Aiming at the Abolition of the Death Penalty : resolution / adopted by the General Assembly,International Covenants on Human Rights.,HUMAN RIGHTS--TREATIES (1966),,59,26,48,26,159,159,agenda,https://digitallibrary.un.org/record/281801
281802,A/RES/44/130,44,1989-12-15,1989,General Assembly,,A/44/824,A/44/PV.82,"Indivisibility and interdependence of economic, social, cultural, civil and political rights : resolution / adopted by the General Assembly",International Covenants on Human Rights.,HUMAN RIGHTS--TREATIES (1966),,124,0,23,12,159,159,agenda,https://digitallibrary.un.org/record/281802
282163,A/RES/45/130,45,1990-12-14,1990,General Assembly,,A/45/759,A/45/PV.68,Importance of the universal realization of the right of peoples to self-determination and of the speedy granting of independence to colonial countries and peoples for the effective guarantee and observance of human rights : resolution / adopted by the General Assembly,Importance of the universal realization of the right of peoples to self-determination and of the speedy granting of independence to colonial countries and peoples for the effective guarantee and observance of human rights.,SELF-DETERMINATION OF PEOPLES,,113,15,23,8,159,159,agenda,https://digitallibrary.un.org/record/282163
282164,A/RES/45/132,45,1990-12-14,1990,General Assembly,,A/45/759,A/45/PV.68,Use of mercenaries as a means to violate human rights and to impede the exercise of the right of peoples to self-determination : resolution / adopted by the General Assembly,Importance of the universal realization of the right of peoples to self-determination and of the speedy granting of independence to colonial countries and peoples for the effective guarantee and observance of human rights.,SELF-DETERMINATION OF PEOPLES,,121,10,21,7,159,159,agenda,https://digitallibrary.un.org/record/282164
282157,A/RES/45/84,45,1990-12-14,1990,General Assembly,,A/45/744,A/45/PV.68,"Adverse consequences for the enjoyment of human rights of political, military, economic and other forms of assistance given to the racist and colonialist régime of South Africa : resolution / adopted by the General Assembly","Adverse consequences for the enjoyment of human rights of political, military, economic and other forms of assistance given to the racist and colonialist régime of South Africa.",SOUTH AFRICA--FOREIGN INTERESTS,,120,9,22,8,159,159,agenda,https://digitallibrary.un.org/record/282157
282158,A/RES/45/87,45,1990-12-14,1990,General Assembly,,A/45/746,A/45/PV.68,World social situation : resolution / adopted by the General Assembly,World social situation.,SOCIAL CONDITIONS,,146,1,4,8,159,159,agenda,https://digitallibrary.un.org/record/282158
282161,A/RES/45/90,45,1990-12-14,1990,General Assembly,,A/45/747,A/45/PV.68,Status of the International Convention on the Suppression and Punishment of the Crime of Apartheid : resolution / adopted by the General Assembly,Elimination of all forms of racial discrimination.,RACIAL DISCRIMINATION,,120,1,30,8,159,159,agenda,https://digitallibrary.un.org/record/282161
282162,A/RES/45/96,45,1990-12-14,1990,General Assembly,,A/45/750,A/45/PV.68,Alternative approaches and ways and means within the United Nations system for improving the effective enjoyment of human rights and fundamental freedoms : resolution / adopted by the General Assembly,Alternative approaches and ways and means within the United Nations System for improving the effective enjoyment of human rights and fundamental freedoms.,HUMAN RIGHTS ADVANCEMENT--UN SYSTEM,,121,1,29,8,159,159,agenda,https://digitallibrary.un.org/record/282162
282542,A/RES/46/84,46,1991-12-16,1991,General Assembly,,A/46/718,A/46/PV.74,Status of the International Convention on the Suppression and Punishment of the Crime of Apartheid : resolution / adopted by the General Assembly,Elimination of racism and racial discrimination.,RACIAL DISCRIMINATION,,118,1,39,8,166,166,agenda,https://digitallibrary.un.org/record/282542
282544,A/RES/46/87,46,1991-12-16,1991,General Assembly,,A/46/719,A/46/PV.74,Importance of the universal realization of the right of peoples to self-determination and of the speedy granting of independence to colonial countries and peoples for the effective guarantee and observance of human rights : resolution / adopted by the General Assembly,Right of peoples to self-determination.,SELF-DETERMINATION OF PEOPLES,,113,22,24,7,166,166,agenda,https://digitallibrary.un.org/record/282544
282545,A/RES/46/89,46,1991-12-16,1991,General Assembly,,A/46/719,A/46/PV.74,Use of mercenaries as a means to violate human rights and to impede the exercise of the right of peoples to self-determination : resolution / adopted by the General Assembly,Right of peoples to self-determination.,SELF-DETERMINATION OF PEOPLES,,122,11,28,5,166,166,agenda,https://digitallibrary.un.org/record/282545
282547,A/RES/46/117,46,1991-12-17,1991,General Assembly,,A/46/721,A/46/PV.75,Alternative approaches and ways and means within the United Nations System for improving the effective enjoyment of human rights and fundamental freedoms : resolution / adopted by the General Assembly,Human rights questions.,HUMAN RIGHTS,,123,2,34,7,166,166,agenda,https://digitallibrary.un.org/record/282547
282548,A/RES/46/130,46,1991-12-17,1991,General Assembly,,A/46/721,A/46/PV.75,Respect for the principles of national sovereignty and non-interference in the internal affairs of States in their electoral processess : resolution / adopted by the General Assembly,Human rights questions.,HUMAN RIGHTS,,102,40,13,11,166,166,agenda,https://digitallibrary.un.org/record/282548
282549,A/RES/46/134,46,1991-12-17,1991,General Assembly,,A/46/721,A/46/PV.75,Situation of human rights in Iraq : resolution / adopted by the General Assembly,Human rights questions.,HUMAN RIGHTS,,129,1,17,19,166,166,agenda,https://digitallibrary.un.org/record/282549
282550,A/RES/46/135,46,1991-12-17,1991,General Assembly,,A/46/721,A/46/PV.75,Situation of human rights in Kuwait under Iraqi occupation : resolution / adopted by the General Assembly,Human rights questions.,HUMAN RIGHTS,,155,1,0,10,166,166,agenda,https://digitallibrary.un.org/record/282550
282551,A/RES/46/137,46,1991-12-17,1991,General Assembly,,A/46/721/Add.1,A/46/PV.75,Enhancing the effectiveness of the principle of periodic and genuine elections : resolution / adopted by the General Assembly,Human rights questions.,HUMAN RIGHTS,,134,4,13,15,166,166,agenda,https://digitallibrary.un.org/record/282551
282552,A/RES/46/153,46,1991-12-18,1991,General Assembly,,A/46/704/Add.1,A/46/PV.78,United Nations African Institute for the Prevention of Crime and the Treatment of Offenders : resolution / adopted by the General Assembly,Crime prevention and criminal justice.,CRIME PREVENTION,,108,0,37,21,166,166,agenda,https://digitallibrary.un.org/record/282552
282890,A/RES/47/81,47,1992-12-16,1992,General Assembly,,A/47/658,A/47/PV.89,Status of the International Convention on the Suppression and Punishment of the Crime of Apartheid : resolution / adopted by the General Assembly,Elimination of racism and racial discrimination.,RACIAL DISCRIMINATION,,113,2,44,20,179,179,agenda,https://digitallibrary.un.org/record/282890
282891,A/RES/47/82,47,1992-12-16,1992,General Assembly,,A/47/659,A/47/PV.89,Importance of the universal realization of the right of peoples to self-determination and of the speedy granting of independence to colonial countries and peoples for the effective guarantee and observance of human rights : resolution / adopted by the General Assembly,Right of peoples to self-determination.,SELF-DETERMINATION OF PEOPLES,,107,22,33,17,179,179,agenda,https://digitallibrary.un.org/record/282891
282892,A/RES/47/84,47,1992-12-16,1992,General Assembly,,A/47/659,A/47/PV.89,Use of mercenaries as a means to violate human rights and to impede the exercise of the right of peoples to self-determination : resolution / adopted by the General Assembly,Right of peoples to self-determination.,SELF-DETERMINATION OF PEOPLES,,118,10,36,15,179,179,agenda,https://digitallibrary.un.org/record/282892
282893,A/RES/47/89,47,1992-12-16,1992,General Assembly,,A/47/703,A/47/PV.89,United Nations African Institute for the Prevention of Crime and the Treatment of Offenders : resolution / adopted by the General Assembly,Social development.,,,121,1,45,12,179,179,agenda,https://digitallibrary.un.org/record/282893
282899,A/RES/47/130,47,1992-12-18,1992,General Assembly,,A/47/678/Add.2,A/47/PV.92,Respect for the principles of national sovereignty and non-interference in the internal affairs of States in their electoral processes : resolution / adopted by the General Assembly,"Human rights questions, including alternative approaches for improving the effective enjoyment of human rights and fundamental freedoms.|Human rights situations and reports of special rapporteurs and representatives.",,,99,45,16,19,179,179,agenda,https://digitallibrary.un.org/record/282899
282900,A/RES/47/137,47,1992-12-18,1992,General Assembly,,A/47/678/Add.2,A/47/PV.92,Alternative approaches and ways and means within the United Nations System for improving the effective enjoyment of human rights and fundamental freedoms : resolution / adopted by the General Assembly,"Human rights questions, including alternative approaches for improving the effective enjoyment of human rights and fundamental freedoms.|Human rights situations and reports of special rapporteurs and representatives.",,,115,0,48,16,179,179,agenda,https://digitallibrary.un.org/record/282900
282901,A/RES/47/138,47,1992-12-18,1992,General Assembly,,A/47/678/Add.2,A/47/PV.92,Enhancing the effectiveness of the principle of periodic and genuine elections : resolution / adopted by the General Assembly,"Human rights questions, including alternative approaches for improving the effective enjoyment of human rights and fundamental freedoms.|Human rights situations and reports of special rapporteurs and representatives.",,,141,0,20,18,179,179,agenda,https://digitallibrary.un.org/record/282901
282902,A/RES/47/139,47,1992-12-18,1992,General Assembly,,A/47/678/Add.2,A/47/PV.92,Situation of human rights in Cuba : resolution / adopted by the General Assembly,"Human rights questions, including alternative approaches for improving the effective enjoyment of human rights and fundamental freedoms.|Human rights situations and reports of special rapporteurs and representatives.",,,69,18,64,28,179,179,agenda,https://digitallibrary.un.org/record/282902
282903,A/RES/47/142,47,1992-12-18,1992,General Assembly,,A/47/678/Add.2,A/47/PV.92,The situation in the Sudan : resolution / adopted by the General Assembly,"Human rights questions, including alternative approaches for improving the effective enjoyment of human rights and fundamental freedoms.|Human rights situations and reports of special rapporteurs and representatives.",,,104,8,33,34,179,179,agenda,https://digitallibrary.un.org/record/282903
282904,A/RES/47/145,47,1992-12-18,1992,General Assembly,,A/47/678/Add.2,A/47/PV.92,Situation of human rights in Iraq : resolution / adopted by the General Assembly,"Human rights questions, including alternative approaches for improving the effective enjoyment of human rights and fundamental freedoms.|Human rights situations and reports of special rapporteurs and representatives.",,,126,2,26,25,179,179,agenda,https://digitallibrary.un.org/record/282904
282905,A/RES/47/146,47,1992-12-18,1992,General Assembly,,A/47/678/Add.2,A/47/PV.92,Situation of human rights in the Islamic Republic of Iran : resolution / adopted by the General Assembly,"Human rights questions, including alternative approaches for improving the effective enjoyment of human rights and fundamental freedoms.|Human rights situations and reports of special rapporteurs and representatives.",,,86,16,38,39,179,179,agenda,https://digitallibrary.un.org/record/282905
283319,A/RES/48/101,48,1993-12-20,1993,General Assembly,,A/48/628,A/48/PV.85,United Nations African Institute for the Prevention of Crime and the Treatment of Offenders : resolution / adopted by the General Assembly,Crime prevention and criminal justice.,CRIME PREVENTION,,119,1,49,15,184,184,agenda,https://digitallibrary.un.org/record/283319
283320,A/RES/48/123,48,1993-12-20,1993,General Assembly,,A/48/632/Add.2,A/48/PV.85,Alternative approaches and ways and means within the United Nations System for improving the effective enjoyment of human rights and fundamental freedoms : resolution / adopted by the General Assembly,"Human rights questions, including alternative approaches for improving the effective enjoyment of human rights and fundamental freedom.",HUMAN RIGHTS ADVANCEMENT,,115,34,21,14,184,184,agenda,https://digitallibrary.un.org/record/283320
283321,A/RES/48/124,48,1993-12-20,1993,General Assembly,,A/48/632/Add.2,A/48/PV.85,Respect for the principles of national sovereignty and non-interference in the internal affairs of States in their electoral processes : resolution / adopted by the General Assembly,"Human rights questions, including alternative approaches for improving the effective enjoyment of human rights and fundamental freedom.",HUMAN RIGHTS ADVANCEMENT,,101,51,17,15,184,184,agenda,https://digitallibrary.un.org/record/283321
283322,A/RES/48/131,48,1993-12-20,1993,General Assembly,,A/48/632/Add.2,A/48/PV.85,Enhancing the effectiveness of the principle of periodic and genuine elections : resolution / adopted by the General Assembly,"Human rights questions, including alternative approaches for improving the effective enjoyment of human rights and fundamental freedom.",HUMAN RIGHTS ADVANCEMENT,,153,0,13,18,184,184,agenda,https://digitallibrary.un.org/record/283322
283323,A/RES/48/142,48,1993-12-20,1993,General Assembly,,A/48/632/Add.3,A/48/PV.85,Situation on human rights in Cuba : resolution / adopted by the General Assembly,Human rights situations and reports of special rapporteurs and representatives.,HUMAN RIGHTS--REPORTS,,74,20,61,29,184,184,agenda,https://digitallibrary.un.org/record/283323
283324,A/RES/48/144,48,1993-12-20,1993,General Assembly,,A/48/632/Add.3,A/48/PV.85,Situation of human rights in Iraq : resolution / adopted by the General Assembly,Human rights situations and reports of special rapporteurs and representatives.,HUMAN RIGHTS--REPORTS,,116,2,43,23,184,184,agenda,https://digitallibrary.un.org/record/283324
283325,A/RES/48/145,48,1993-12-20,1993,General Assembly,,A/48/632/Add.3,A/48/PV.85,Situation of human rights in the Islamic Republic of Iran : resolution / adopted by the General Assembly,Human rights situations and reports of special rapporteurs and representatives.,HUMAN RIGHTS--REPORTS,,74,23,51,36,184,184,agenda,https://digitallibrary.un.org/record/283325
283326,A/RES/48/147,48,1993-12-20,1993,General Assembly,,A/48/632/Add.3,A/48/PV.85,Situation of human rights in the Sudan : resolution / adopted by the General Assembly,Human rights situations and reports of special rapporteurs and representatives.,HUMAN RIGHTS--REPORTS,,111,13,30,30,184,184,agenda,https://digitallibrary.un.org/record/283326
283316,A/RES/48/89,48,1993-12-20,1993,General Assembly,,A/48/625,A/48/PV.84,Status of the International Convention on the Suppression and Punishment of the Crime of Apartheid : resolution / adopted by the General Assembly,Elimination of racism and racial discrimination.,RACIAL DISCRIMINATION,,119,1,48,16,184,184,agenda,https://digitallibrary.un.org/record/283316
283317,A/RES/48/92,48,1993-12-20,1993,General Assembly,,A/48/626,A/48/PV.85,Use of mercenaries as a means to violate human rights and to impede the exercise of the right of peoples to self-determination : resolution / adopted by the General Assembly,Right of peoples to self-determination.,SELF-DETERMINATION OF PEOPLES,,108,14,39,23,184,184,agenda,https://digitallibrary.un.org/record/283317
283318,A/RES/48/94,48,1993-12-20,1993,General Assembly,,A/48/626,A/48/PV.85,Importance of the universal realization of the right of peoples to self-determination and of the speedy granting of independence to colonial countries and peoples for the effective guarantee and observance of human rights : resolution / adopted by the General Assembly,Right of peoples to self-determination.,SELF-DETERMINATION OF PEOPLES,,101,26,37,20,184,184,agenda,https://digitallibrary.un.org/record/283318
283671,A/RES/49/149,49,1994-12-23,1994,General Assembly,,A/49/752,A/49/PV.94,The right of the Palestinian people to self-determination : resolution / adopted by the General Assembly,Right of peoples to self-determination.,SELF-DETERMINATION OF PEOPLES,,147,2,19,17,185,185,agenda,https://digitallibrary.un.org/record/283671
283672,A/RES/49/150,49,1994-12-23,1994,General Assembly,,A/49/752,A/49/PV.94,Use of mercenaries as a means to violate human rights and to impede the exercise of the right of peoples to self-determination : resolution / adopted by the General Assembly,Right of peoples to self-determination.,SELF-DETERMINATION OF PEOPLES,,118,19,33,15,185,185,agenda,https://digitallibrary.un.org/record/283672
283673,A/RES/49/151,49,1994-12-23,1994,General Assembly,,A/49/752,A/49/PV.94,Importance of the universal realization of the right of peoples to self-determination and of the speedy granting of independence to colonial countries and peoples for the effective guarantee and observance of human rights : resolution / adopted by the General Assembly,Right of peoples to self-determination.,SELF-DETERMINATION OF PEOPLES,,113,5,51,16,185,185,agenda,https://digitallibrary.un.org/record/283673
283674,A/RES/49/180,49,1994-12-23,1994,General Assembly,,A/49/610/Add.2,A/49/PV.94,Respect for the principles of national sovereignty and non-interference in the internal affairs of States in their electoral process : resolution / adopted by the General Assembly,"Human rights questions, including alternative approaches for improving the effective enjoyment of human rights and fundamental freedoms.",HUMAN RIGHTS ADVANCEMENT,,97,57,14,17,185,185,agenda,https://digitallibrary.un.org/record/283674
283675,A/RES/49/182,49,1994-12-23,1994,General Assembly,,A/49/610/Add.2,A/49/PV.94,Respect for the universal freedom of travel and the vital importance of family reunification : resolution / adopted by the General Assembly,"Human rights questions, including alternative approaches for improving the effective enjoyment of human rights and fundamental freedoms.",HUMAN RIGHTS ADVANCEMENT,,88,5,70,22,185,185,agenda,https://digitallibrary.un.org/record/283675
283676,A/RES/49/186,49,1994-12-23,1994,General Assembly,,A/49/610/Add.2,A/49/PV.94,Alternative approaches and ways and means within the United Nations System for improving the effective enjoyment of human rights and fundamental freedoms : resolution / adopted by the General Assembly,"Human rights questions, including alternative approaches for improving the effective enjoyment of human rights and fundamental freedoms.",HUMAN RIGHTS ADVANCEMENT,,110,35,24,16,185,185,agenda,https://digitallibrary.un.org/record/283676
283677,A/RES/49/190,49,1994-12-23,1994,General Assembly,,A/49/610/Add.2,A/49/PV.94,Strengthening the role of the United Nations in enhancing the effectiveness of the principle of periodic and genuine elections and the promotion of democratization : resolution / adopted by the General Assembly,"Human rights questions, including alternative approaches for improving the effective enjoyment of human rights and fundamental freedoms.",HUMAN RIGHTS ADVANCEMENT,,155,1,12,17,185,185,agenda,https://digitallibrary.un.org/record/283677
283678,A/RES/49/196,49,1994-12-23,1994,General Assembly,,A/49/610/Add.3,A/49/PV.94,"Situation of human rights in the Republic of Bosnia and Herzegovina, the Republic of Croatia and the Federal Republic of Yugoslavia (Serbia and Montenegro) : resolution / adopted by the General Assembly",Human rights situations and reports of special rapporteurs and representatives.,HUMAN RIGHTS--REPORTS,,150,0,14,21,185,185,agenda,https://digitallibrary.un.org/record/283678
283679,A/RES/49/198,49,1994-12-23,1994,General Assembly,,A/49/610/Add.3,A/49/PV.94,Situation of human rights in the Sudan : resolution / adopted by the General Assembly,Human rights situations and reports of special rapporteurs and representatives.,HUMAN RIGHTS--REPORTS,,101,13,49,22,185,185,agenda,https://digitallibrary.un.org/record/283679
283680,A/RES/49/200,49,1994-12-23,1994,General Assembly,,A/49/610/Add.3,A/49/PV.94,Situation of human rights in Cuba : resolution / adopted by the General Assembly,Human rights situations and reports of special rapporteurs and representatives.,HUMAN RIGHTS--REPORTS,,65,23,70,27,185,185,agenda,https://digitallibrary.un.org/record/283680
283681,A/RES/49/202,49,1994-12-23,1994,General Assembly,,A/49/610/Add.3,A/49/PV.94,Situation of human rights in the Islamic Republic of Iran : resolution / adopted by the General Assembly,Human rights situations and reports of special rapporteurs and representatives.,HUMAN RIGHTS--REPORTS,,74,25,55,31,185,185,agenda,https://digitallibrary.un.org/record/283681
283682,A/RES/49/203,49,1994-12-23,1994,General Assembly,,A/49/610/Add.3,A/49/PV.94,Situation of human rights in Iraq : resolution / adopted by the General Assembly,Human rights situations and reports of special rapporteurs and representatives.,HUMAN RIGHTS--REPORTS,,114,3,47,21,185,185,agenda,https://digitallibrary.un.org/record/283682
283683,A/RES/49/204,49,1994-12-23,1994,General Assembly,,A/49/610/Add.3,A/49/PV.94,Situation of human rights in Kosovo : resolution / adopted by the General Assembly,Human rights situations and reports of special rapporteurs and representatives.,HUMAN RIGHTS--REPORTS,,114,2,40,29,185,185,agenda,https://digitallibrary.un.org/record/283683
283917,A/RES/49/243,49,1995-04-21,1995,General Assembly,,A/49/887,A/49/PV.102,"Accreditation of non-governmental organizations to the 4th World Conference on Women : Action for Equality, Development and Peace : resolution / adopted by the General Assembly",Advancement of women.,WOMEN'S ADVANCEMENT,,86,0,1,98,185,185,agenda,https://digitallibrary.un.org/record/283917
284155,A/RES/50/138,50,1995-12-21,1995,General Assembly,,A/50/627,A/50/PV.97,Use of mercenaries as a means to violate human rights and to impede the exercise of the right of people to self-determination : resolution / adopted by the General Assembly,Right of peoples to self-determination.,SELF-DETERMINATION OF PEOPLES,,106,18,31,30,185,185,agenda,https://digitallibrary.un.org/record/284155
284156,A/RES/50/140,50,1995-12-21,1995,General Assembly,,A/50/627,A/50/PV.97,The right of the Palestinian people to self-determination : resolution / adopted by the General Assembly,Right of peoples to self-determination.,SELF-DETERMINATION OF PEOPLES,,145,2,9,29,185,185,agenda,https://digitallibrary.un.org/record/284156
284157,A/RES/50/172,50,1995-12-22,1995,General Assembly,,A/50/635/Add.2,A/50/PV.99,Respect for the principles of national sovereignty and non-interference in the internal affairs of States in their electoral processes : resolution / adopted by the General Assembly,"Human rights questions, including alternative approaches for improving the effective enjoyment of human rights and fundamental freedoms.",HUMAN RIGHTS ADVANCEMENT,,91,57,21,16,185,185,agenda,https://digitallibrary.un.org/record/284157
284158,A/RES/50/175,50,1995-12-22,1995,General Assembly,,A/50/635/Add.2,A/50/PV.99,Respect for the right to universal freedom of travel and the vital importance of family reunification : resolution / adopted by the General Assembly,"Human rights questions, including alternative approaches for improving the effective enjoyment of human rights and fundamental freedoms.",HUMAN RIGHTS ADVANCEMENT,,86,4,80,15,185,185,agenda,https://digitallibrary.un.org/record/284158
284159,A/RES/50/185,50,1995-12-22,1995,General Assembly,,A/50/635/Add.2,A/50/PV.99,Strengthening the role of the United Nations in enhancing the effectiveness of the principle of periodic and genuine elections and the promotion of democratization : resolution / adopted by the General Assembly,"Human rights questions, including alternative approaches for improving the effective enjoyment of human rights and fundamental freedoms.",HUMAN RIGHTS ADVANCEMENT,,156,0,15,14,185,185,agenda,https://digitallibrary.un.org/record/284159
284160,A/RES/50/188,50,1995-12-22,1995,General Assembly,,A/50/635/Add.3,A/50/PV.99,Situation of human rights in the Islamic Republic of Iran : resolution / adopted by the General Assembly,Human rights situations and reports of special rapporteurs and representatives.,HUMAN RIGHTS--REPORTS,,78,27,58,22,185,185,agenda,https://digitallibrary.un.org/record/284160
284161,A/RES/50/190,50,1995-12-22,1995,General Assembly,,A/50/635/Add.3,A/50/PV.99,Situation of human rights in Kosovo : resolution / adopted by the General Assembly,Human rights situations and reports of special rapporteurs and representatives.,HUMAN RIGHTS--REPORTS,,115,2,43,25,185,185,agenda,https://digitallibrary.un.org/record/284161
284162,A/RES/50/191,50,1995-12-22,1995,General Assembly,,A/50/635/Add.3,A/50/PV.99,Situation of human rights in Iraq : resolution / adopted by the General Assembly,Human rights situations and reports of special rapporteurs and representatives.,HUMAN RIGHTS--REPORTS,,111,3,53,18,185,185,agenda,https://digitallibrary.un.org/record/284162
284163,A/RES/50/193,50,1995-12-22,1995,General Assembly,,A/50/635/Add.3,A/50/PV.99,"Situation of human rights in the Republic of Bosnia and Herzegovina, the Republic of Croatia and the Federal Republic of Yugoslavia (Serbia and Montenegro) : resolution / adopted by the General Assembly",Human rights situations and reports of special rapporteurs and representatives.,HUMAN RIGHTS--REPORTS,,144,1,20,20,185,185,agenda,https://digitallibrary.un.org/record/284163
284164,A/RES/50/197,50,1995-12-22,1995,General Assembly,,A/50/635/Add.3,A/50/PV.99,Situation of human rights in the Sudan : resolution / adopted by the General Assembly,Human rights situations and reports of special rapporteurs and representatives.,HUMAN RIGHTS--REPORTS,,94,15,54,22,185,185,agenda,https://digitallibrary.un.org/record/284164
284165,A/RES/50/198,50,1995-12-22,1995,General Assembly,,A/50/635/Add.3,A/50/PV.99,Situation of the human rights in Cuba : resolution / adopted by the General Assembly,Human rights situations and reports of special rapporteurs and representatives.,HUMAN RIGHTS--REPORTS,,66,22,78,19,185,185,agenda,https://digitallibrary.un.org/record/284165
284166,A/RES/50/199,50,1995-12-22,1995,General Assembly,,A/50/635/Add.3,A/50/PV.99,Situation of human rights in Nigeria : resolution / adopted by the General Assembly,Human rights situations and reports of special rapporteurs and representatives.,HUMAN RIGHTS--REPORTS,,101,14,47,23,185,185,agenda,https://digitallibrary.un.org/record/284166
284552,A/RES/51/100,51,1996-12-12,1996,General Assembly,,A/51/619/Add.2,A/51/PV.82,Enhancement of international cooperation in the field of human rights : resolution / adopted by the General Assembly,"Human rights questions, including alternative approaches for improving the effective enjoyment of human rights and fundamental freedoms.",HUMAN RIGHTS ADVANCEMENT,,114,42,16,13,185,185,agenda,https://digitallibrary.un.org/record/284552
284553,A/RES/51/103,51,1996-12-12,1996,General Assembly,,A/51/619/Add.2,A/51/PV.82,Human rights and unilateral coercive measures : resolution / adopted by the General Assembly,"Human rights questions, including alternative approaches for improving the effective enjoyment of human rights and fundamental freedoms.",HUMAN RIGHTS ADVANCEMENT,,57,45,59,24,185,185,agenda,https://digitallibrary.un.org/record/284553
284554,A/RES/51/106,51,1996-12-12,1996,General Assembly,,A/51/619/Add.3,A/51/PV.82,Situation of human rights in Iraq : resolution / adopted by the General Assembly,Human rights situations and reports of special rapporteurs and representatives.,HUMAN RIGHTS--REPORTS,,103,3,59,20,185,185,agenda,https://digitallibrary.un.org/record/284554
284556,A/RES/51/107,51,1996-12-12,1996,General Assembly,,A/51/619/Add.3,A/51/PV.82,Situation of human rights in the Islamic Republic of Iran : resolution / adopted by the General Assembly,Human rights situations and reports of special rapporteurs and representatives.,HUMAN RIGHTS--REPORTS,,79,30,54,22,185,185,agenda,https://digitallibrary.un.org/record/284556
284557,A/RES/51/109,51,1996-12-12,1996,General Assembly,,A/51/619/Add.3,A/51/PV.82,Situation of human rights in Nigeria : resolution / adopted by the General Assembly,Human rights situations and reports of special rapporteurs and representatives.,HUMAN RIGHTS--REPORTS,,92,19,55,19,185,185,agenda,https://digitallibrary.un.org/record/284557
284558,A/RES/51/111,51,1996-12-12,1996,General Assembly,,A/51/619/Add.3,A/51/PV.82,Situation of human rights in Kosovo : resolution / adopted by the General Assembly,Human rights situations and reports of special rapporteurs and representatives.,HUMAN RIGHTS--REPORTS,,114,2,48,21,185,185,agenda,https://digitallibrary.un.org/record/284558
284560,A/RES/51/112,51,1996-12-12,1996,General Assembly,,A/51/619/Add.3,A/51/PV.82,Situation of human rights in the Sudan : resolution / adopted by the General Assembly,Human rights situations and reports of special rapporteurs and representatives.,HUMAN RIGHTS--REPORTS,,100,16,50,19,185,185,agenda,https://digitallibrary.un.org/record/284560
284561,A/RES/51/113,51,1996-12-12,1996,General Assembly,,A/51/619/Add.3,A/51/PV.82,Situation of human rights in Cuba : resolution / adopted by the General Assembly,Human rights situations and reports of special rapporteurs and representatives.,HUMAN RIGHTS--REPORTS,,62,25,84,14,185,185,agenda,https://digitallibrary.un.org/record/284561
284563,A/RES/51/116,51,1996-12-12,1996,General Assembly,,A/51/619/Add.3,A/51/PV.82,"Situation of human rights in the Republic of Bosnia and Herzegovina, the Republic of Croatia and the Federal Republic of Yugoslavia (Serbia and Montenegro) : resolution / adopted by the General Assembly",Human rights situations and reports of special rapporteurs and representatives.,HUMAN RIGHTS--REPORTS,,136,1,28,20,185,185,agenda,https://digitallibrary.un.org/record/284563
284550,A/RES/51/89,51,1996-12-12,1996,General Assembly,,A/51/619/Add.2,A/51/PV.82,Respect for the right to universal freedom of travel and the vital importance of family reunification : resolution / adopted by the General Assembly,"Human rights questions, including alternative approaches for improving the effective enjoyment of human rights and fundamental freedoms.",HUMAN RIGHTS ADVANCEMENT,,89,4,76,16,185,185,agenda,https://digitallibrary.un.org/record/284550
284937,A/RES/52/112,52,1997-12-12,1997,General Assembly,,A/52/643,A/52/PV.70,Use of mercenaries as a means of violating human rights and impeding the exercise of the rights of peoples to self-determination : resolution / adopted by the General Assembly,Right of peoples to self-determination.,SELF-DETERMINATION OF PEOPLES,,113,18,41,13,185,185,agenda,https://digitallibrary.un.org/record/284937
284938,A/RES/52/114,52,1997-12-12,1997,General Assembly,,A/52/643,A/52/PV.70,The right of the Palestinian people to self-determination : resolution / adopted by the General Assembly,Right of peoples to self-determination.,SELF-DETERMINATION OF PEOPLES,,160,2,6,17,185,185,agenda,https://digitallibrary.un.org/record/284938
284939,A/RES/52/119,52,1997-12-12,1997,General Assembly,,A/52/644/Add.2,A/52/PV.70,Respect for the principles of national sovereignty and non-interference in the internal affairs of States in their electoral processes : resolution / adopted by the General Assembly,"Human rights questions, including alternative approaches for improving the effective enjoyment of human rights and fundamental freedoms.",HUMAN RIGHTS ADVANCEMENT,,96,58,12,19,185,185,agenda,https://digitallibrary.un.org/record/284939
284940,A/RES/52/120,52,1997-12-12,1997,General Assembly,,A/52/644/Add.2,A/52/PV.70,Human rights and unilateral coercive measures : resolution / adopted by the General Assembly,"Human rights questions, including alternative approaches for improving the effective enjoyment of human rights and fundamental freedoms.",HUMAN RIGHTS ADVANCEMENT,,91,46,26,22,185,185,agenda,https://digitallibrary.un.org/record/284940
284941,A/RES/52/121,52,1997-12-12,1997,General Assembly,,A/52/644/Add.2,A/52/PV.70,Respect for the right to universal freedom of travel and the vital importance of family reunification : resolution / adopted by the General Assembly,"Human rights questions, including alternative approaches for improving the effective enjoyment of human rights and fundamental freedoms.",HUMAN RIGHTS ADVANCEMENT,,94,1,73,17,185,185,agenda,https://digitallibrary.un.org/record/284941
284942,A/RES/52/129,52,1997-12-12,1997,General Assembly,,A/52/644/Add.2,A/52/PV.70,Strengthening the role of the United Nations in enhancing the effectiveness of the principle of periodic and genuine elections and the promotion of democratization : resolution / adopted by the General Assembly,"Human rights questions, including alternative approaches for improving the effective enjoyment of human rights and fundamental freedoms.",HUMAN RIGHTS ADVANCEMENT,,157,0,15,13,185,185,agenda,https://digitallibrary.un.org/record/284942
284943,A/RES/52/131,52,1997-12-12,1997,General Assembly,,A/52/644/Add.2,A/52/PV.70,"Strengthening of United Nations action in the field of human rights through the promotion of international cooperation and the importance of non-selectivity, impartiality and objectivity : resolution / adopted by the General Assembly","Human rights questions, including alternative approaches for improving the effective enjoyment of human rights and fundamental freedoms.",HUMAN RIGHTS ADVANCEMENT,,116,2,50,17,185,185,agenda,https://digitallibrary.un.org/record/284943
284944,A/RES/52/133,52,1997-12-12,1997,General Assembly,,A/52/644/Add.2,A/52/PV.70,Human rights and terrorism : resolution / adopted by the General Assembly,"Human rights questions, including alternative approaches for improving the effective enjoyment of human rights and fundamental freedoms.",HUMAN RIGHTS ADVANCEMENT,,115,0,57,13,185,185,agenda,https://digitallibrary.un.org/record/284944
284945,A/RES/52/136,52,1997-12-12,1997,General Assembly,,A/52/644/Add.2,A/52/PV.70,Right to development : resolution / adopted by the General Assembly,"Human rights questions, including alternative approaches for improving the effective enjoyment of human rights and fundamental freedoms.",HUMAN RIGHTS ADVANCEMENT,,129,12,32,12,185,185,agenda,https://digitallibrary.un.org/record/284945
284946,A/RES/52/139,52,1997-12-12,1997,General Assembly,,A/52/644/Add.3,A/52/PV.70,Situation of human rights in Kosovo : resolution / adopted by the General Assembly,Human rights situations and reports of special rapporteurs and representatives.,HUMAN RIGHTS--REPORTS,,106,2,56,21,185,185,agenda,https://digitallibrary.un.org/record/284946
284947,A/RES/52/140,52,1997-12-12,1997,General Assembly,,A/52/644/Add.3,A/52/PV.70,Situation of human rights in the Sudan : resolution / adopted by the General Assembly,Human rights situations and reports of special rapporteurs and representatives.,HUMAN RIGHTS--REPORTS,,93,16,58,18,185,185,agenda,https://digitallibrary.un.org/record/284947
284948,A/RES/52/141,52,1997-12-12,1997,General Assembly,,A/52/644/Add.3,A/52/PV.70,Situation of human rights in Iraq : resolution / adopted by the General Assembly,Human rights situations and reports of special rapporteurs and representatives.,HUMAN RIGHTS--REPORTS,,99,3,60,23,185,185,agenda,https://digitallibrary.un.org/record/284948
284949,A/RES/52/142,52,1997-12-12,1997,General Assembly,,A/52/644/Add.3,A/52/PV.70,Situation of human rights in the Islamic Republic of Iran : resolution / adopted by the General Assembly,Human rights situations and reports of special rapporteurs and representatives.,HUMAN RIGHTS--REPORTS,,74,32,56,23,185,185,agenda,https://digitallibrary.un.org/record/284949
284950,A/RES/52/143,52,1997-12-12,1997,General Assembly,,A/52/644/Add.3,A/52/PV.70,Situation of human rights in Cuba : resolution / adopted by the General Assembly,Human rights situations and reports of special rapporteurs and representatives.,HUMAN RIGHTS--REPORTS,,64,29,75,17,185,185,agenda,https://digitallibrary.un.org/record/284950
284951,A/RES/52/144,52,1997-12-12,1997,General Assembly,,A/52/644/Add.3,A/52/PV.70,Situation of human rights in Nigeria : resolution / adopted by the General Assembly,Human rights situations and reports of special rapporteurs and representatives.,HUMAN RIGHTS--REPORTS,,81,18,64,22,185,185,agenda,https://digitallibrary.un.org/record/284951
284952,A/RES/52/147,52,1997-12-12,1997,General Assembly,,A/52/644/Add.3,A/52/PV.70,"Situation of human rights in Bosnia and Herzegovina, the Republic of Croatia and the Federal Republic of Yugoslavia : resolution / adopted by the General Assembly",Human rights situations and reports of special rapporteurs and representatives.,HUMAN RIGHTS--REPORTS,,133,2,27,23,185,185,agenda,https://digitallibrary.un.org/record/284952
285318,A/RES/53/135,53,1998-12-09,1998,General Assembly,,A/53/624,A/53/PV.85,Use of mercenaries as a means of violating human rights and impeding the exercise of the right of peoples to self-determination : resolution / adopted by the General Assembly,Right of peoples to self-determination.,SELF-DETERMINATION OF PEOPLES--HUMAN RIGHTS,,115,18,35,17,185,185,agenda,https://digitallibrary.un.org/record/285318
285319,A/RES/53/136,53,1998-12-09,1998,General Assembly,,A/53/624,A/53/PV.85,The right of the Palestinian people to self-determination : resolution / adopted by the General Assembly,Right of peoples to self-determination.,SELF-DETERMINATION OF PEOPLES--HUMAN RIGHTS,,162,2,6,15,185,185,agenda,https://digitallibrary.un.org/record/285319
285320,A/RES/53/141,53,1998-12-09,1998,General Assembly,,A/53/625/Add.2,A/53/PV.85,Human rights and unilateral coercive measures: resolution / adopted by the General Assembly,"Human rights questions, including alternative approaches for improving the effective enjoyment of human rights and fundamental freedoms.",HUMAN RIGHTS ADVANCEMENT,,110,45,10,20,185,185,agenda,https://digitallibrary.un.org/record/285320
285321,A/RES/53/143,53,1998-12-09,1998,General Assembly,,A/53/625/Add.2,A/53/PV.85,Respect for the right to universal freedom of travel and the vital importance of family reunification : resolution / adopted by the General Assembly,"Human rights questions, including alternative approaches for improving the effective enjoyment of human rights and fundamental freedoms.",HUMAN RIGHTS ADVANCEMENT,,103,2,66,14,185,185,agenda,https://digitallibrary.un.org/record/285321
285322,A/RES/53/155,53,1998-12-09,1998,General Assembly,,A/53/625/Add.2,A/53/PV.85,Right to development : resolution / adopted by the General Assembly,"Human rights questions, including alternative approaches for improving the effective enjoyment of human rights and fundamental freedoms.",HUMAN RIGHTS ADVANCEMENT,,125,1,42,17,185,185,agenda,https://digitallibrary.un.org/record/285322
285323,A/RES/53/157,53,1998-12-09,1998,General Assembly,,A/53/625/Add.3,A/53/PV.85,Situation of human rights in Iraq : resolution / adopted by the General Assembly,Human rights situations and reports of special rapporteurs and representatives.,HUMAN RIGHTS--REPORTS,,103,3,56,23,185,185,agenda,https://digitallibrary.un.org/record/285323
285324,A/RES/53/158,53,1998-12-09,1998,General Assembly,,A/53/625/Add.3,A/53/PV.85,Situation of human rights in the Islamic Republic of Iran : resolution / adopted by the General Assembly,Human rights situations and reports of special rapporteurs and representatives.,HUMAN RIGHTS--REPORTS,,64,41,56,24,185,185,agenda,https://digitallibrary.un.org/record/285324
285325,A/RES/53/163,53,1998-12-09,1998,General Assembly,,A/53/625/Add.3,A/53/PV.85,"Situation of human rights in Bosnia and Herzegovina, the Republic of Croatia and the Federal Republic of Yugoslavia (Serbia and Montenegro) : resolution / adopted by the General Assembly",Human rights situations and reports of special rapporteurs and representatives.,HUMAN RIGHTS--REPORTS,,141,0,21,23,185,185,agenda,https://digitallibrary.un.org/record/285325
285326,A/RES/53/164,53,1998-12-09,1998,General Assembly,,A/53/625/Add.3,A/53/PV.85,Situation of human rights in Kosovo : resolution / adopted by the General Assembly,Human rights situations and reports of special rapporteurs and representatives.,HUMAN RIGHTS--REPORTS,,122,3,34,26,185,185,agenda,https://digitallibrary.un.org/record/285326
404565,A/RES/54/151,54,1999-12-17,1999,General Assembly,,A/54/604,A/54/PV.83,Use of mercenaries as a means of violating human rights and impeding the exercise of the right of peoples to self-determination : resolution / adopted by the General Assembly,Right of peoples to self-determination.,SELF-DETERMINATION OF PEOPLES,,110,16,35,27,188,188,agenda,https://digitallibrary.un.org/record/404565
404566,A/RES/54/152,54,1999-12-17,1999,General Assembly,,A/54/604,A/54/PV.83,The right of the Palestinian people to self-determination : resolution / adopted by the General Assembly,Right of peoples to self-determination.,SELF-DETERMINATION OF PEOPLES,,156,2,1,29,188,188,agenda,https://digitallibrary.un.org/record/404566
404567,A/RES/54/164,54,1999-12-17,1999,General Assembly,,A/54/605/Add.2,A/54/PV.83,Human rights and terrorism : resolution / adopted by the General Assembly,"Human rights questions, including alternative approaches for improving the effective enjoyment of human rights and fundamental freedoms.",HUMAN RIGHTS ADVANCEMENT,,106,0,58,24,188,188,agenda,https://digitallibrary.un.org/record/404567
404568,A/RES/54/165,54,1999-12-17,1999,General Assembly,,A/54/605/Add.2,A/54/PV.83,Globalization and its impact on the full enjoyment of all human rights : resolution / adopted by the General Assembly,"Human rights questions, including alternative approaches for improving the effective enjoyment of human rights and fundamental freedoms.",HUMAN RIGHTS ADVANCEMENT,,99,2,64,23,188,188,agenda,https://digitallibrary.un.org/record/404568
404569,A/RES/54/168,54,1999-12-17,1999,General Assembly,,A/54/605/Add.2,A/54/PV.83,Respect for the principles of national sovereignty and non-interference in the internal affairs of States in their electoral processes : resolution / adopted by the General Assembly,"Human rights questions, including alternative approaches for improving the effective enjoyment of human rights and fundamental freedoms.",HUMAN RIGHTS ADVANCEMENT,,91,59,10,28,188,188,agenda,https://digitallibrary.un.org/record/404569
404570,A/RES/54/169,54,1999-12-17,1999,General Assembly,,A/54/605/Add.2,A/54/PV.83,Respect for the right to universal freedom of travel and the vital importance of family reunification : resolution / adopted by the General Assembly,"Human rights questions, including alternative approaches for improving the effective enjoyment of human rights and fundamental freedoms.",HUMAN RIGHTS ADVANCEMENT,,95,1,66,26,188,188,agenda,https://digitallibrary.un.org/record/404570
404571,A/RES/54/172,54,1999-12-17,1999,General Assembly,,A/54/605/Add.2,A/54/PV.83,Human rights and unilateral coercive measures : resolution / adopted by the General Assembly,"Human rights questions, including alternative approaches for improving the effective enjoyment of human rights and fundamental freedoms.",HUMAN RIGHTS ADVANCEMENT,,109,48,7,24,188,188,agenda,https://digitallibrary.un.org/record/404571
404580,A/RES/54/173,54,1999-12-17,1999,General Assembly,,A/54/605/Add.2,A/54/PV.83,Strengthening the role of the United Nations in enhancing the effectiveness of the principle of periodic and genuine elections and the promotion of democratization : resolution / adopted by the General Assembly,"Human rights questions, including alternative approaches for improving the effective enjoyment of human rights and fundamental freedoms.",HUMAN RIGHTS ADVANCEMENT,,153,0,11,24,188,188,agenda,https://digitallibrary.un.org/record/404580
404581,A/RES/54/175,54,1999-12-17,1999,General Assembly,,A/54/605/Add.2,A/54/PV.83,The right to development : resolution / adopted by the General Assembly,"Human rights questions, including alternative approaches for improving the effective enjoyment of human rights and fundamental freedoms.",HUMAN RIGHTS ADVANCEMENT,,119,10,38,21,188,188,agenda,https://digitallibrary.un.org/record/404581
404582,A/RES/54/177,54,1999-12-17,1999,General Assembly,,A/54/605/Add.3,A/54/PV.83,Human rights situation in the Islamic Republic of Iran : resolution / adopted by the General Assembly,Human rights situations and reports of special rapporteurs and representatives.,HUMAN RIGHTS--REPORTS,,61,47,51,29,188,188,agenda,https://digitallibrary.un.org/record/404582
404583,A/RES/54/178,54,1999-12-17,1999,General Assembly,,A/54/605/Add.3,A/54/PV.83,Human rights situation in Iraq : resolution / adopted by the General Assembly,Human rights situations and reports of special rapporteurs and representatives.,HUMAN RIGHTS--REPORTS,,100,3,53,32,188,188,agenda,https://digitallibrary.un.org/record/404583
404584,A/RES/54/179,54,1999-12-17,1999,General Assembly,,A/54/605/Add.3,A/54/PV.83,Situation of human rights in the Democratic Republic of the Congo : resolution / adopted by the General Assembly,Human rights situations and reports of special rapporteurs and representatives.,HUMAN RIGHTS--REPORTS,,91,10,54,33,188,188,agenda,https://digitallibrary.un.org/record/404584
404585,A/RES/54/182,54,1999-12-17,1999,General Assembly,,A/54/605/Add.3,A/54/PV.83,Situation of human rights in the Sudan : resolution / adopted by the General Assembly,Human rights situations and reports of special rapporteurs and representatives.,HUMAN RIGHTS--REPORTS,,89,30,39,30,188,188,agenda,https://digitallibrary.un.org/record/404585
404586,A/RES/54/183,54,1999-12-17,1999,General Assembly,,A/54/605/Add.3,A/54/PV.83,Situation of human rights in Kosovo : resolution / adopted by the General Assembly,Human rights situations and reports of special rapporteurs and representatives.,HUMAN RIGHTS--REPORTS,,108,4,45,31,188,188,agenda,https://digitallibrary.un.org/record/404586
404587,A/RES/54/184,54,1999-12-17,1999,General Assembly,,A/54/605/Add.3,A/54/PV.83,"Situation of human rights in Bosnia and Herzegovina, the Republic of Croatia and the Federal Republic of Yugoslavia (Serbia and Montenegro) : resolution / adopted by the General Assembly",Human rights situations and reports of special rapporteurs and representatives.,HUMAN RIGHTS--REPORTS,,123,2,34,29,188,188,agenda,https://digitallibrary.un.org/record/404587
428799,A/RES/55/100,55,2000-12-04,2000,General Assembly,A/C.3/55/L.45,A/55/602/Add.2,A/55/PV.81,Respect for the right to universal freedom of travel and the vital importance of family reunification : resolution / adopted by the General Assembly,"Human rights questions, including alternative approaches for improving the effective enjoyment of human rights and fundamental freedoms.",HUMAN RIGHTS ADVANCEMENT,,106,1,67,15,189,189,draft,https://digitallibrary.un.org/record/428799
428800,A/RES/55/101,55,2000-12-04,2000,General Assembly,A/C.3/55/L.47|A/C.3/55/L.47/Rev.1,A/55/602/Add.2,A/55/PV.81,Respect for the purposes and principles contained in the Charter of the United Nations to achieve international cooperation in promoting and encouraging respect for human rights and for fundamental freedoms and in solving international problems of a humanitarian character : resolution / adopted by the General Assembly,"Human rights questions, including alternative approaches for improving the effective enjoyment of human rights and fundamental freedoms.",HUMAN RIGHTS ADVANCEMENT,,104,52,15,18,189,189,draft,https://digitallibrary.un.org/record/428800
428801,A/RES/55/102,55,2000-12-04,2000,General Assembly,A/C.3/55/L.48|A/C.3/55/L.48/Rev.1,A/55/602/Add.2,A/55/PV.81,Globalization and its impact on the full enjoyment of all human rights : resolution / adopted by the General Assembly,"Human rights questions, including alternative approaches for improving the effective enjoyment of human rights and fundamental freedoms.",HUMAN RIGHTS ADVANCEMENT,,112,46,15,16,189,189,draft,https://digitallibrary.un.org/record/428801
428802,A/RES/55/107,55,2000-12-04,2000,General Assembly,A/C.3/55/L.56|A/C.3/55/L.56/Rev.1,A/55/602/Add.2,A/55/PV.81,Promotion of a democratic and equitable international order : resolution / adopted by the General Assembly,"Human rights questions, including alternative approaches for improving the effective enjoyment of human rights and fundamental freedoms.",HUMAN RIGHTS ADVANCEMENT,,109,52,7,21,189,189,draft,https://digitallibrary.un.org/record/428802
428803,A/RES/55/110,55,2000-12-04,2000,General Assembly,A/C.3/55/L.59,A/55/602/Add.2,A/55/PV.81,Human rights and unilateral coercive measures : resolution / adopted by the General Assembly,"Human rights questions, including alternative approaches for improving the effective enjoyment of human rights and fundamental freedoms.",HUMAN RIGHTS ADVANCEMENT|SANCTIONS--INTERNATIONAL RELATIONS,,117,49,6,17,189,189,draft,https://digitallibrary.un.org/record/428803
428804,A/RES/55/114,55,2000-12-04,2000,General Assembly,A/C.3/55/L.49,A/55/602/Add.3,A/55/PV.81,Situation of human rights in the Islamic Republic of Iran : resolution / adopted by the General Assembly,Human rights situations and reports of special rapporteurs and representatives.,HUMAN RIGHTS--REPORTS|HUMAN RIGHTS--IRAN (ISLAMIC REPUBLIC OF),,67,54,46,22,189,189,draft,https://digitallibrary.un.org/record/428804
428805,A/RES/55/115,55,2000-12-04,2000,General Assembly,A/C.3/55/L.50,A/55/602/Add.3,A/55/PV.81,Human rights situation in Iraq : resolution / adopted by the General Assembly,Human rights situations and reports of special rapporteurs and representatives.,HUMAN RIGHTS--REPORTS|HUMAN RIGHTS--IRAQ,,102,3,60,24,189,189,draft,https://digitallibrary.un.org/record/428805
428806,A/RES/55/116,55,2000-12-04,2000,General Assembly,A/C.3/55/L.51/Rev.1,A/55/602/Add.3,A/55/PV.81,Situation of human rights in the Sudan : resolution / adopted by the General Assembly,Human rights situations and reports of special rapporteurs and representatives.,HUMAN RIGHTS--REPORTS|HUMAN RIGHTS--SUDAN,,85,32,49,23,189,189,draft,https://digitallibrary.un.org/record/428806
428807,A/RES/55/117,55,2000-12-04,2000,General Assembly,A/C.3/55/L.62/Rev.1,A/55/602/Add.3,A/55/PV.81,Situation of human rights in the Democratic Republic of the Congo : resolution / adopted by the General Assembly,Human rights situations and reports of special rapporteurs and representatives.,HUMAN RIGHTS--REPORTS|HUMAN RIGHTS--DEMOCRATIC REPUBLIC OF THE CONGO,,102,2,63,22,189,189,draft,https://digitallibrary.un.org/record/428807
428793,A/RES/55/66,55,2000-12-04,2000,General Assembly,A/C.3/55/L.11/Rev.1,A/55/595|A/55/595/Corr.1|A/55/595/Corr.2,A/55/PV.81,Working towards the elimination of crimes against women committed in the name of honour : resolution / adopted by the General Assembly,Advancement of women.,WOMEN'S ADVANCEMENT,,146,1,26,16,189,189,draft,https://digitallibrary.un.org/record/428793
428794,A/RES/55/86,55,2000-12-04,2000,General Assembly,A/C.3/55/L.23,A/55/601,A/55/PV.81,Use of mercenaries as a means of violating human rights and impeding the exercise of the right of peoples to self-determination : resolution / adopted by the General Assembly,Right of peoples to self-determination.,SELF-DETERMINATION OF PEOPLES,,119,19,35,16,189,189,draft,https://digitallibrary.un.org/record/428794
428795,A/RES/55/87,55,2000-12-04,2000,General Assembly,A/C.3/55/L.32,A/55/601,A/55/PV.81,The right of the Palestinian people to self-determination : resolution / adopted by the General Assembly,Right of peoples to self-determination.,SELF-DETERMINATION OF PEOPLES,,170,2,5,12,189,189,draft,https://digitallibrary.un.org/record/428795
428797,A/RES/55/92,55,2000-12-04,2000,General Assembly,A/C.3/55/L.35,A/55/602/Add.2,A/55/PV.81,Protection of migrants : resolution / adopted by the General Assembly,"Human rights questions, including alternative approaches for improving the effective enjoyment of human rights and fundamental freedoms.",MIGRANTS--PROTECTION|HUMAN RIGHTS ADVANCEMENT,,165,0,8,16,189,189,draft,https://digitallibrary.un.org/record/428797
428798,A/RES/55/96,55,2000-12-04,2000,General Assembly,A/C.3/55/L.40,A/55/602/Add.2,A/55/PV.81,Promoting and consolidating democracy : resolution / adopted by the General Assembly,"Human rights questions, including alternative approaches for improving the effective enjoyment of human rights and fundamental freedoms.",HUMAN RIGHTS ADVANCEMENT,,157,0,16,16,189,189,draft,https://digitallibrary.un.org/record/428798
454775,A/RES/56/142,56,2001-12-19,2001,General Assembly,A/C.3/56/L.33,A/56/582,A/56/PV.88,The right of the Palestinian people to self-determination : resolution / adopted by the General Assembly,Right of peoples to self-determination.,SELF-DETERMINATION OF PEOPLES,,161,3,1,24,189,189,draft,https://digitallibrary.un.org/record/454775
454776,A/RES/56/146,56,2001-12-19,2001,General Assembly,A/C.3/56/L.38,A/56/583/Add.1,A/56/PV.88,Equitable geographical distribution of the membership of the human rights instruments : resolution / adopted by the General Assembly,Implementation of human rights instruments.,HUMAN RIGHTS--INTERNATIONAL INSTRUMENTS,,113,47,5,24,189,189,draft,https://digitallibrary.un.org/record/454776
454777,A/RES/56/148,56,2001-12-19,2001,General Assembly,A/C.3/56/L.41,A/56/583/Add.2,A/56/PV.88,Human rights and unilateral coercive measures : resolution / adopted by the General Assembly,"Human rights questions, including alternative approaches for improving the effective enjoyment of human rights and fundamental freedoms.",SANCTIONS--INTERNATIONAL RELATIONS|HUMAN RIGHTS ADVANCEMENT,,114,51,2,22,189,189,draft,https://digitallibrary.un.org/record/454777
454778,A/RES/56/150,56,2001-12-19,2001,General Assembly,A/C.3/56/L.43/Rev.1,A/56/583/Add.2,A/56/PV.88,The right to development : resolution / adopted by the General Assembly,"Human rights questions, including alternative approaches for improving the effective enjoyment of human rights and fundamental freedoms.",HUMAN RIGHTS ADVANCEMENT|RIGHT TO DEVELOPMENT,,123,4,44,18,189,189,draft,https://digitallibrary.un.org/record/454778
454779,A/RES/56/151,56,2001-12-19,2001,General Assembly,A/C.3/56/L.44,A/56/583/Add.2,A/56/PV.88,Promotion of a democratic and equitable international order : resolution / adopted by the General Assembly,"Human rights questions, including alternative approaches for improving the effective enjoyment of human rights and fundamental freedoms.",HUMAN RIGHTS ADVANCEMENT,,109,53,6,21,189,189,draft,https://digitallibrary.un.org/record/454779
454783,A/RES/56/152,56,2001-12-19,2001,General Assembly,A/C.3/56/L.45,A/56/583/Add.2,A/56/PV.88,Respect for the purposes and principles contained in the Charter of the United Nations to achieve international cooperation in promoting and encouraging respect for human rights and for fundamental freedoms and in solving international problems of humanitarian character : resolution / adopted by the General Assembly,"Human rights questions, including alternative approaches for improving the effective enjoyment of human rights and fundamental freedoms.",HUMAN RIGHTS ADVANCEMENT,,100,54,15,20,189,189,draft,https://digitallibrary.un.org/record/454783
454789,A/RES/56/154,56,2001-12-19,2001,General Assembly,A/C.3/56/L.47,A/56/583/Add.2,A/56/PV.88,Respect for the principles of national sovereignty and non-interference in the internal affairs of States in their electoral processes as an important element for the promotion and protection of human rights : resolution / adopted by the General Assembly,"Human rights questions, including alternative approaches for improving the effective enjoyment of human rights and fundamental freedoms.",HUMAN RIGHTS ADVANCEMENT,,99,10,59,21,189,189,draft,https://digitallibrary.un.org/record/454789
454814,A/RES/56/155,56,2001-12-19,2001,General Assembly,A/C.3/56/L.48,A/56/583/Add.2,A/56/PV.88,The right to food : resolution / adopted by the General Assembly,"Human rights questions, including alternative approaches for improving the effective enjoyment of human rights and fundamental freedoms.",HUMAN RIGHTS ADVANCEMENT,,169,2,2,16,189,189,draft,https://digitallibrary.un.org/record/454814
454821,A/RES/56/159,56,2001-12-19,2001,General Assembly,A/C.3/56/L.53,A/56/583/add.2,A/56/PV.88,Strengthening the role of the United Nations in enhancing the effectiveness of the principle of periodic and genuine elections and the promotion of democratization : resolution / adopted by the General Assembly,"Human rights questions, including alternative approaches for improving the effective enjoyment of human rights and fundamental freedoms.",HUMAN RIGHTS ADVANCEMENT|ELECTION VERIFICATION--UN,,162,0,8,19,189,189,draft,https://digitallibrary.un.org/record/454821
454822,A/RES/56/160,56,2001-12-19,2001,General Assembly,A/C.3/56/L.59,A/56/583/Add.2,A/56/PV.88,Human rights and terrorism : resolution / adopted by the General Assembly,"Human rights questions, including alternative approaches for improving the effective enjoyment of human rights and fundamental freedoms.",HUMAN RIGHTS ADVANCEMENT|HUMAN RIGHTS--TERRORISM,,102,0,69,18,189,189,draft,https://digitallibrary.un.org/record/454822
454825,A/RES/56/165,56,2001-12-19,2001,General Assembly,A/C.3/56/L.64,A/56/583/Add.2,A/56/PV.88,Globalization and its impact on the full enjoyment of all human rights : resolution / adopted by the General Assembly,"Human rights questions, including alternative approaches for improving the effective enjoyment of human rights and fundamental freedoms.",HUMAN RIGHTS ADVANCEMENT,,116,46,9,18,189,189,draft,https://digitallibrary.un.org/record/454825
454826,A/RES/56/171,56,2001-12-19,2001,General Assembly,A/C.3/56/L.50,A/56/583/Add.3,A/56/PV.88,Situation of human rights in the Islamic Republic of Iran : resolution / adopted by the General Assembly,Human rights situations and reports of special rapporteurs and representatives.,HUMAN RIGHTS--IRAN (ISLAMIC REPUBLIC OF)|HUMAN RIGHTS--REPORTS,,72,49,46,22,189,189,draft,https://digitallibrary.un.org/record/454826
454829,A/RES/56/173,56,2001-12-19,2001,General Assembly,A/C.3/56/L.56/Rev.1,A/56/583/Add.3,A/56/PV.88,Situtation of human rights in the Democratic Republic of the Congo : resolution / adopted by the General Assembly,Human rights situations and reports of special rapporteurs and representatives.,HUMAN RIGHTS--REPORTS|HUMAN RIGHTS--DEMOCRATIC REPUBLIC OF THE CONGO,,90,3,69,27,189,189,draft,https://digitallibrary.un.org/record/454829
454845,A/RES/56/174,56,2001-12-19,2001,General Assembly,A/C.3/56/L.57,A/56/583/Add.3,A/56/PV.88,Situation of human rights in Iraq : resolution / adopted by the General Assembly,Human rights situations and reports of special rapporteurs and representatives.,HUMAN RIGHTS--REPORTS|HUMAN RIGHTS--IRAQ,,100,2,63,24,189,189,draft,https://digitallibrary.un.org/record/454845
454848,A/RES/56/175,56,2001-12-19,2001,General Assembly,A/C.3/56/L.58/Rev.1,A/56/583/Add.3,A/56/PV.88,Situation of human rights in the Sudan : resolution / adopted by the General Assembly,Human rights situations and reports of special rapporteurs and representatives.,HUMAN RIGHTS--REPORTS|HUMAN RIGHTS--SUDAN,,79,37,48,25,189,189,draft,https://digitallibrary.un.org/record/454848
455680,A/RES/56/232,56,2001-12-24,2001,General Assembly,A/C.3/56/L.31,A/56/582,A/56/PV.92,Use of mercenaries as a means of violating human rights and impeding the exercise of the right of peoples to self-determination : resolution / adopted by the General Assembly,Right of peoples to self-determination.,SELF-DETERMINATION OF PEOPLES,,77,20,20,72,189,189,draft,https://digitallibrary.un.org/record/455680
462340,A/RES/56/266,56,2002-03-27,2002,General Assembly,A/C.3/56/L.84/Rev.1,A/56/581,A/56/PV.97,"Comprehensive implementation of and follow-up to the World Conference against Racism, Racial Discrimination, Xenophobia and Related Intolerance : resolution / adopted by the General Assembly",Elimination of racism and racial discrimination.,RACIAL DISCRIMINATION,,134,2,2,51,189,189,draft,https://digitallibrary.un.org/record/462340
482399,A/RES/57/175,57,2002-12-18,2002,General Assembly,A/C.3/57/L.16/Rev.1,A/57/549,A/57/PV.77,Future operations of the International Research and Training Institute for the Advancement of Women : resolution / adopted by the General Assembly,Advancement of women.,WOMEN'S ADVANCEMENT,,136,7,29,19,191,191,draft,https://digitallibrary.un.org/record/482399
482400,A/RES/57/188,57,2002-12-18,2002,General Assembly,A/C.3/57/L.23,A/57/552,A/57/PV.77,Situation of and assistance to Palestinian children : resolution / adopted by the General Assembly,Promotion and protection of the rights of children.,RIGHTS OF THE CHILD,,108,5,60,18,191,191,draft,https://digitallibrary.un.org/record/482400
482402,A/RES/57/190,57,2002-12-18,2002,General Assembly,A/C.3/57/L.25/Rev.1,A/57/552,A/57/PV.77,Rights of the child : resolution / adopted by the General Assembly,Promotion and protection of the rights of children.,RIGHTS OF THE CHILD,,175,2,0,14,191,191,draft,https://digitallibrary.un.org/record/482402
482404,A/RES/57/195,57,2002-12-18,2002,General Assembly,A/C.3/57/L.34,A/57/554,A/57/PV.77,"The fight against racism, racial discrimination, xenophobia and related intolerance and the comprehensive implementation of and follow-up to the Durban Declaration and Programme of Action : resolution / adopted by the General Assembly",Elimination of racism and racial discrimination.,RACIAL DISCRIMINATION--ELIMINATION,,173,3,2,13,191,191,draft,https://digitallibrary.un.org/record/482404
482406,A/RES/57/196,57,2002-12-18,2002,General Assembly,A/C.3/57/L.31,A/57/555,A/57/PV.77,Use of mercenaries as a means of violating human rights and impeding the exercise of the right of peoples to self-determination : resolution / adopted by the General Assembly,Right of peoples to self-determination.,SELF-DETERMINATION OF PEOPLES,,124,21,34,12,191,191,draft,https://digitallibrary.un.org/record/482406
482407,A/RES/57/198,57,2002-12-18,2002,General Assembly,A/C.3/57/L.35,A/57/555,A/57/PV.77,The right of the Palestinian people to self-determination : resolution / adopted by the General Assembly,Right of peoples to self-determination.,SELF-DETERMINATION OF PEOPLES,,172,4,3,12,191,191,draft,https://digitallibrary.un.org/record/482407
482408,A/RES/57/199,57,2002-12-18,2002,General Assembly,A/C.3/57/L.30,A/57/556/Add.1,A/57/PV.77,"Optional Protocol to the Convention against Torture and Other Cruel, Inhuman or Degrading Treatment or Punishment : resolution / adopted by the General Assembly",Implementation of human rights instruments.,HUMAN RIGHTS--INTERNATIONAL INSTRUMENTS|TORTURE AND OTHER CRUEL TREATMENT,,127,4,42,18,191,191,draft,https://digitallibrary.un.org/record/482408
482409,A/RES/57/205,57,2002-12-18,2002,General Assembly,A/C.3/57/L.44,A/57/556/Add.2,A/57/PV.77,Globalization and its impact on the full enjoyment of all human rights : resolution / adopted by the General Assembly,"Human rights questions, including alternative approaches for improving the effective enjoyment of human rights and fundamental freedoms.",HUMAN RIGHTS ADVANCEMENT,,124,52,5,10,191,191,draft,https://digitallibrary.un.org/record/482409
482410,A/RES/57/213,57,2002-12-18,2002,General Assembly,A/C.3/57/L.55,A/57/556/Add.2,A/57/PV.77,Promotion of a democratic and equitable international order : resolution / adopted by the General Assembly,"Human rights questions, including alternative approaches for improving the effective enjoyment of human rights and fundamental freedoms.",HUMAN RIGHTS ADVANCEMENT,,116,55,7,13,191,191,draft,https://digitallibrary.un.org/record/482410
482411,A/RES/57/214,57,2002-12-18,2002,General Assembly,A/C.3/57/L.56/Rev.1,A/57/556/Add.2,A/57/PV.77,"Extrajudicial, summary or arbitrary executions : resolution / adopted by the General Assembly","Human rights questions, including alternative approaches for improving the effective enjoyment of human rights and fundamental freedoms.",HUMAN RIGHTS ADVANCEMENT|SUMMARY EXECUTIONS,,130,0,49,12,191,191,draft,https://digitallibrary.un.org/record/482411
482518,A/RES/57/216,57,2002-12-18,2002,General Assembly,A/C.3/57/L.58,A/57/556/Add.2,A/57/PV.77,Promotion of the right of peoples to peace : resolution / adopted by the General Assembly,"Human rights questions, including alternative approaches for improving the effective enjoyment of human rights and fundamental freedoms.",HUMAN RIGHTS ADVANCEMENT,,116,53,14,8,191,191,draft,https://digitallibrary.un.org/record/482518
482520,A/RES/57/217,57,2002-12-18,2002,General Assembly,A/C.3/57/L.59,A/57/556/Add.2,A/57/PV.77,Respect for the purposes and principles contained in the Charter of the United Nations to achieve international cooperation in promoting and encouraging respect for human rights and for fundamental freedoms and in solving international problems of a humanitarian character : resolution / adopted by the General Assembly,"Human rights questions, including alternative approaches for improving the effective enjoyment of human rights and fundamental freedoms.",HUMAN RIGHTS ADVANCEMENT,,114,54,15,8,191,191,draft,https://digitallibrary.un.org/record/482520
482521,A/RES/57/222,57,2002-12-18,2002,General Assembly,A/C.3/57/L.64,A/57/556/Add.2,A/57/PV.77,Human rights and unilateral coercive measures : resolution / adopted by the General Assembly,"Human rights questions, including alternative approaches for improving the effective enjoyment of human rights and fundamental freedoms.",HUMAN RIGHTS ADVANCEMENT|SANCTIONS--INTERNATIONAL RELATIONS,,122,55,1,13,191,191,draft,https://digitallibrary.un.org/record/482521
482522,A/RES/57/223,57,2002-12-18,2002,General Assembly,A/C.3/57/L.65,A/57/556/Add.2,A/57/PV.77,The Right to Development : resolution / adopted by the General Assembly,"Human rights questions, including alternative approaches for improving the effective enjoyment of human rights and fundamental freedoms.",HUMAN RIGHTS ADVANCEMENT|RIGHT TO DEVELOPMENT,,133,4,47,7,191,191,draft,https://digitallibrary.un.org/record/482522
482533,A/RES/57/226,57,2002-12-18,2002,General Assembly,A/C.3/57/L.68,A/57/556/Add.2,A/57/PV.77,The right to food : resolution / adopted by the General Assembly,"Human rights questions, including alternative approaches for improving the effective enjoyment of human rights and fundamental freedoms.",HUMAN RIGHTS ADVANCEMENT,,176,1,7,7,191,191,draft,https://digitallibrary.un.org/record/482533
482534,A/RES/57/227,57,2002-12-18,2002,General Assembly,A/C.3/57/L.69,A/57/556/Add.2,A/57/PV.77,Respect for the right to universal freedom of travel and the vital importance of family reunification : resolution / adopted by the General Assembly,"Human rights questions, including alternative approaches for improving the effective enjoyment of human rights and fundamental freedoms.",HUMAN RIGHTS ADVANCEMENT,,109,3,71,8,191,191,draft,https://digitallibrary.un.org/record/482534
482535,A/RES/57/228A,57,2002-12-18,2002,General Assembly,A/C.3/57/L.70,A/57/556/Add.2,A/57/PV.77,Khmer Rouge trials : resolution / adopted by the General Assembly,"Human rights questions, including alternative approaches for improving the effective enjoyment of human rights and fundamental freedoms.",HUMAN RIGHTS ADVANCEMENT|HUMAN RIGHTS ADVANCEMENT--CAMBODIA,,150,0,30,11,191,191,draft,https://digitallibrary.un.org/record/482535
482541,A/RES/57/230,57,2002-12-18,2002,General Assembly,A/C.3/57/L.43/Rev.1,A/57/556/Add.3,A/57/PV.77,Situation of human rights in the Sudan : resolution / adopted by the General Assembly,Human rights situations and reports of special rapporteurs and representatives.,HUMAN RIGHTS--SUDAN|HUMAN RIGHTS--REPORTS,,80,62,33,16,191,191,draft,https://digitallibrary.un.org/record/482541
482536,A/RES/57/232,57,2002-12-18,2002,General Assembly,A/C.3/57/L.49,A/57/556/Add.3,A/57/PV.77,Human rights situation in Iraq : resolution / adopted by the General Assembly,Human rights situations and reports of special rapporteurs and representatives.,HUMAN RIGHTS--REPORTS|HUMAN RIGHTS--IRAQ,,97,3,77,14,191,191,draft,https://digitallibrary.un.org/record/482536
482537,A/RES/57/233,57,2002-12-18,2002,General Assembly,A/C.3/57/L.50,A/57/556/Add.3,A/57/PV.77,Situation of human rights in the Democratic Republic of the Congo : resolution / adopted by the General Assembly,Human rights situations and reports of special rapporteurs and representatives.,HUMAN RIGHTS--REPORTS|HUMAN RIGHTS--DEMOCRATIC REPUBLIC OF THE CONGO,,92,2,81,16,191,191,draft,https://digitallibrary.un.org/record/482537
509151,A/RES/58/155,58,2003-12-22,2003,General Assembly,A/C.3/58/L.24,A/58/504,A/58/PV.77,Situation of and assistance to Palestinian children : resolution / adopted by the General Assembly,Promotion and protection of the rights of children.,RIGHTS OF THE CHILD,,106,5,65,15,191,191,draft,https://digitallibrary.un.org/record/509151
509153,A/RES/58/157,58,2003-12-22,2003,General Assembly,A/C.3/58/L.29/Rev.1,A/58/504,A/58/PV.77,Rights of the child : resolution / adopted by the General Assembly,Promotion and protection of the rights of children.,RIGHTS OF THE CHILD,,179,1,0,11,191,191,draft,https://digitallibrary.un.org/record/509153
509380,A/RES/58/160,58,2003-12-22,2003,General Assembly,A/C.3/58/L.34,A/58/506,A/58/PV.77,"Global efforts for the total elimination of racism, racial discrimination, xenophobia and related intolerance and the comprehensive implementation of and follow-up to the Durban Declaration and Programme of Action : resolution / adopted by the General Assembly",Comprehensive implementation of and follow-up to the Durban Declaration and Programme of Action.,RACIAL DISCRIMINATION--PROGRAMMES OF ACTION,,174,2,2,13,191,191,draft,https://digitallibrary.un.org/record/509380
509154,A/RES/58/161,58,2003-12-22,2003,General Assembly,A/C.3/58/L.31,A/58/507,A/58/PV.77,Universal realization of the right of peoples to self-determination : resolution / adopted by the General Assembly,Right of peoples to self-determination.,SELF-DETERMINATION OF PEOPLES,,109,3,61,18,191,191,draft,https://digitallibrary.un.org/record/509154
509155,A/RES/58/162,58,2003-12-22,2003,General Assembly,A/C.3/58/L.32,A/58/507,A/58/PV.77,Use of mercenaries as a means of violating human rights and impeding the exercise of the right of peoples to self-determination : resolution / adopted by the General Assembly,Right of peoples to self-determination.,SELF-DETERMINATION OF PEOPLES,,125,26,29,11,191,191,draft,https://digitallibrary.un.org/record/509155
509375,A/RES/58/163,58,2003-12-22,2003,General Assembly,A/C.3/58/L.35,A/58/507,A/58/PV.77,The right of the Palestinian people to self-determination : resolution / adopted by the General Assembly,Right of peoples to self-determination.,SELF-DETERMINATION OF PEOPLES,,169,5,0,17,191,191,draft,https://digitallibrary.un.org/record/509375
509156,A/RES/58/171,58,2003-12-22,2003,General Assembly,A/C.3/58/L.51,A/58/508/Add.2,A/58/PV.77,Human rights and unilateral coercive measures : resolution / adopted by the General Assembly,"Human rights questions, including alternative approaches for improving the effective enjoyment of human rights and fundamental freedoms.",SANCTIONS--INTERNATIONAL RELATIONS|HUMAN RIGHTS ADVANCEMENT,,125,53,0,13,191,191,draft,https://digitallibrary.un.org/record/509156
509158,A/RES/58/172,58,2003-12-22,2003,General Assembly,A/C.3/58/L.52,A/58/508/Add.2,A/58/PV.77,The right to development : resolution / adopted by the General Assembly,"Human rights questions, including alternative approaches for improving the effective enjoyment of human rights and fundamental freedoms.",RIGHT TO DEVELOPMENT|HUMAN RIGHTS ADVANCEMENT,,173,3,5,10,191,191,draft,https://digitallibrary.un.org/record/509158
509171,A/RES/58/173,58,2003-12-22,2003,General Assembly,A/C.3/58/L.53,A/58/508/Add.2,A/58/PV.77,The right of everyone to the enjoyment of the highest attainable standard of physical and mental health : resolution / adopted by the General Assembly,"Human rights questions, including alternative approaches for improving the effective enjoyment of human rights and fundamental freedoms.",HUMAN RIGHTS ADVANCEMENT,,174,2,4,11,191,191,draft,https://digitallibrary.un.org/record/509171
509173,A/RES/58/174,58,2003-12-22,2003,General Assembly,A/C.3/58/L.54,A/58/508/Add.2,A/58/PV.77,Human rights and terrorism : resolution / adopted by the General Assembly,"Human rights questions, including alternative approaches for improving the effective enjoyment of human rights and fundamental freedoms.",HUMAN RIGHTS--TERRORISM|HUMAN RIGHTS ADVANCEMENT,,120,42,18,11,191,191,draft,https://digitallibrary.un.org/record/509173
509174,A/RES/58/179,58,2003-12-22,2003,General Assembly,A/C.3/58/L.60,A/58/508/Add.2,A/58/PV.77,"Access to medication in the context of pandemics such as HIV/AIDS, tuberculosis and malaria : resolution / adopted by the General Assembly","Human rights questions, including alternative approaches for improving the effective enjoyment of human rights and fundamental freedoms.",HUMAN RIGHTS ADVANCEMENT,,181,1,0,9,191,191,draft,https://digitallibrary.un.org/record/509174
509176,A/RES/58/180,58,2003-12-22,2003,General Assembly,A/C.3/58/L.61,A/58/508/Add.2,A/58/PV.77,Strengthening the role of the UN in enchancing the effectiveness of the principle of periodic and genuine elections and the promotion of democratization : resolution / adopted by the General Assembly,"Human rights questions, including alternative approaches for improving the effective enjoyment of human rights and fundamental freedoms.",ELECTION VERIFICATION--UN|HUMAN RIGHTS ADVANCEMENT,,169,0,8,14,191,191,draft,https://digitallibrary.un.org/record/509176
509177,A/RES/58/184,58,2003-12-22,2003,General Assembly,A/C.3/58/L.65,A/58/508/Add.2,A/58/PV.77,Elimination of all forms of religious intolerance : resolution / adopted by the General Assembly,"Human rights questions, including alternative approaches for improving the effective enjoyment of human rights and fundamental freedoms.",RELIGIOUS INTOLERANCE|HUMAN RIGHTS ADVANCEMENT,,179,0,1,11,191,191,draft,https://digitallibrary.un.org/record/509177
509179,A/RES/58/186,58,2003-12-22,2003,General Assembly,A/C.3/58/L.70,A/58/508/Add.2,A/58/PV.77,The right to food : resolution / adopted by the General Assembly,"Human rights questions, including alternative approaches for improving the effective enjoyment of human rights and fundamental freedoms.",RIGHT TO FOOD|HUMAN RIGHTS ADVANCEMENT,,176,1,2,12,191,191,draft,https://digitallibrary.un.org/record/509179
509180,A/RES/58/187,58,2003-12-22,2003,General Assembly,A/C.3/58/L.71,A/58/508/Add.2,A/58/PV.77,Protection of human rights and fundamental freedoms while countering terrorism : resolution / adopted by the General Assembly,"Human rights questions, including alternative approaches for improving the effective enjoyment of human rights and fundamental freedoms.",HUMAN RIGHTS--TERRORISM|HUMAN RIGHTS ADVANCEMENT,,181,0,1,9,191,191,draft,https://digitallibrary.un.org/record/509180
509181,A/RES/58/188,58,2003-12-22,2003,General Assembly,A/C.3/58/L.72,A/58/508/Add.2,A/58/PV.77,Respect for the purposes and principles contained in the Charter of the UN  to achieve international cooperation in promoting and encouraging respect for human rights and for fundamental freedoms and in solving international problems of a humanitarian character : resolution / adopted by the General Assembly,"Human rights questions, including alternative approaches for improving the effective enjoyment of human rights and fundamental freedoms.",HUMAN RIGHTS ADVANCEMENT,,106,55,19,11,191,191,draft,https://digitallibrary.un.org/record/509181
509182,A/RES/58/189,58,2003-12-22,2003,General Assembly,A/C.3/58/L.73,A/58/508/Add.2,A/58/PV.77,Respect for the principles of national sovereignty and diversity of democratic systems in electoral processes as an important element for the promotion and protection of human rights : resolution / adopted by the General Assembly,"Human rights questions, including alternative approaches for improving the effective enjoyment of human rights and fundamental freedoms.",HUMAN RIGHTS ADVANCEMENT,,111,10,55,15,191,191,draft,https://digitallibrary.un.org/record/509182
509183,A/RES/58/192,58,2003-12-22,2003,General Assembly,A/C.3/58/L.76,A/58/508/Add.2,A/58/PV.77,Promotion of peace as a vital requirement for the full enjoyment of all human rights by all : resolution / adopted by the General Assembly,"Human rights questions, including alternative approaches for improving the effective enjoyment of human rights and fundamental freedoms.",HUMAN RIGHTS ADVANCEMENT,,119,50,9,13,191,191,draft,https://digitallibrary.un.org/record/509183
509184,A/RES/58/193,58,2003-12-22,2003,General Assembly,A/C.3/58/L.77,A/58/508/Add.2,A/58/PV.77,Globalization and its impact on the full enjoyment of all human rights : resolution / adopted by the General Assembly,"Human rights questions, including alternative approaches for improving the effective enjoyment of human rights and fundamental freedoms.",HUMAN RIGHTS ADVANCEMENT,,123,51,4,13,191,191,draft,https://digitallibrary.un.org/record/509184
509185,A/RES/58/194,58,2003-12-22,2003,General Assembly,A/C.3/58/L.67,A/58/508/Add.3,A/58/PV.77,Situation of human rights in Turkmenistan : resolution / adopted by the General Assembly,Human rights situations and reports of special rapporteurs and representatives.,HUMAN RIGHTS--TURKMENISTAN|HUMAN RIGHTS--REPORTS,,73,40,56,22,191,191,draft,https://digitallibrary.un.org/record/509185
509186,A/RES/58/195,58,2003-12-22,2003,General Assembly,A/C.3/58/L.69,A/58/508/Add.3,A/58/PV.77,Situation of human rights in the Islamic Republic of Iran : resolution / adopted by the General Assembly,Human rights situations and reports of special rapporteurs and representatives.,HUMAN RIGHTS--IRAN (ISLAMIC REPUBLIC OF)|HUMAN RIGHTS--REPORTS,,68,54,51,18,191,191,draft,https://digitallibrary.un.org/record/509186
509188,A/RES/58/196,58,2003-12-22,2003,General Assembly,A/C.3/58/L.79/Rev.1,A/58/508/Add.3,A/58/PV.77,Situation of human rights in the Democratic Republic of the Congo : resolution / adopted by the General Assembly,Human rights situations and reports of special rapporteurs and representatives.,HUMAN RIGHTS--DEMOCRATIC REPUBLIC OF THE CONGO|HUMAN RIGHTS--REPORTS,,81,2,91,17,191,191,draft,https://digitallibrary.un.org/record/509188
509421,A/RES/58/244,58,2003-12-23,2003,General Assembly,A/C.3/58/L.36,A/58/501,A/58/PV.79,Future operation of the International Research and Training Institute for the Advancement of Women : resolution / adopted by the General Assembly,Advancement of women.,WOMEN'S ADVANCEMENT,,126,5,30,30,191,191,draft,https://digitallibrary.un.org/record/509421
509429,A/RES/58/245,58,2003-12-23,2003,General Assembly,A/C.3/58/L.28,A/58/504,A/58/PV.79,Office of the Special Representative for Children and Armed conflict : resolution / adopted by the General Assembly,Promotion and protection of the rights of children.,RIGHTS OF THE CHILD,,115,20,28,28,191,191,draft,https://digitallibrary.un.org/record/509429
537669,A/RES/59/173,59,2004-12-20,2004,General Assembly,A/C.3/59/L.28,A/59/499,A/59/PV.74,The situation of and assistance to Palestinian children : resolution / adopted by the General Assembly,Promotion and protection of the rights of children.,RIGHTS OF THE CHILD,,117,5,62,7,191,191,draft,https://digitallibrary.un.org/record/537669
537671,A/RES/59/177,59,2004-12-20,2004,General Assembly,A/C.3/59/L.71,A/59/501,A/59/PV.74,"Global efforts for the total elimination of racism, racial discrimination, xenophobia and related intolerance and the comprehensive implementation of and follow-up to the Durban Declaration and Programme of Action : resolultion / adopted by the General Assembly",Comprehensive implementation of an follow-up to the Durban Declaration and Programme of Action.,RACIAL DISCRIMINATION--PROGRAMMES OF ACTION,,183,3,2,3,191,191,draft,https://digitallibrary.un.org/record/537671
537673,A/RES/59/178,59,2004-12-20,2004,General Assembly,A/C.3/59/L.68,A/59/502,A/59/PV.74,Use of mercenaries as a means of violating human rights and impeding the exercise of the right of peoples to self-determination : resolultion / adopted by the General Assembly,Right of peoples to self-determination.,SELF-DETERMINATION OF PEOPLES,,129,46,13,3,191,191,draft,https://digitallibrary.un.org/record/537673
537675,A/RES/59/179,59,2004-12-20,2004,General Assembly,A/C.3/59/L.70,A/59/502,A/59/PV.74,The right of the Palestinian people to self-determination : resolution / adopted by the General Assemly,Right of peoples to self-determination.,SELF-DETERMINATION OF PEOPLES,,179,5,3,4,191,191,draft,https://digitallibrary.un.org/record/537675
537676,A/RES/59/181,59,2004-12-20,2004,General Assembly,A/C.3/59/L.32,A/59/503/Add.1,A/59/PV.74,Equitable geographical distribution in the membership of the human rights treaty bodies : resolution / adopted by the General Assemly,Implementation of human rights instruments.,HUMAN RIGHTS--INTERNATIONAL INSTRUMENTS|HUMAN RIGHTS--TREATIES (1966),,128,52,4,7,191,191,draft,https://digitallibrary.un.org/record/537676
537677,A/RES/59/184,59,2004-12-20,2004,General Assembly,A/C.3/59/L.35,A/59/503/Add.2,A/59/PV.74,Globalization and its impact on the full enjoyment of all human rights : resolution / adopted by the General Assembly,"Human rights questions, including alternative approaches for improving the effective enjoyment of human rights and fundamental freedoms.",HUMAN RIGHTS ADVANCEMENT|GLOBALIZATION--HUMAN RIGHTS,,129,53,4,5,191,191,draft,https://digitallibrary.un.org/record/537677
537679,A/RES/59/185,59,2004-12-20,2004,General Assembly,A/C.3/59/L.37,A/59/503/Add.2,A/59/PV.74,The right to development : resolution / adopted by the General Assemly,"Human rights questions, including alternative approaches for improving the effective enjoyment of human rights and fundamental freedoms.",HUMAN RIGHTS ADVANCEMENT|RIGHT TO DEVELOPMENT,,181,2,4,4,191,191,draft,https://digitallibrary.un.org/record/537679
537717,A/RES/59/188,59,2004-12-20,2004,General Assembly,A/C.3/59/L.40,A/59/503/Add.2,A/59/PV.74,Human rights and unilateral coercive measures : resolution / adopted by the General Assemly,"Human rights questions, including alternative approaches for improving the effective enjoyment of human rights and fundamental freedoms.",HUMAN RIGHTS ADVANCEMENT,,132,53,0,6,191,191,draft,https://digitallibrary.un.org/record/537717
537703,A/RES/59/193,59,2004-12-20,2004,General Assembly,A/C.3/59/L.47,A/59/503/Add.2,A/59/PV.74,Promotion of a democratic and equitable international order : resolution / adopted by the General Assemly,"Human rights questions, including alternative approaches for improving the effective enjoyment of human rights and fundamental freedoms.",HUMAN RIGHTS ADVANCEMENT,,125,55,6,5,191,191,draft,https://digitallibrary.un.org/record/537703
537711,A/RES/59/195,59,2004-12-20,2004,General Assembly,A/C.3/59/L.52,A/59/503/Add.2,A/59/PV.74,Human rights and terrorism : resolution / adopted by the General Assemly,"Human rights questions, including alternative approaches for improving the effective enjoyment of human rights and fundamental freedoms.",HUMAN RIGHTS ADVANCEMENT|HUMAN RIGHTS--TERRORISM,,127,50,8,6,191,191,draft,https://digitallibrary.un.org/record/537711
537719,A/RES/59/197,59,2004-12-20,2004,General Assembly,A/C.3/59/L.57/Rev.1,A/59/503/Add.2,A/59/PV.74,"Extrajudicial, summary or arbitrary executions : resolution / adopted by the General Assemly","Human rights questions, including alternative approaches for improving the effective enjoyment of human rights and fundamental freedoms.",HUMAN RIGHTS ADVANCEMENT|SUMMARY EXECUTIONS,,142,0,43,6,191,191,draft,https://digitallibrary.un.org/record/537719
537720,A/RES/59/199,59,2004-12-20,2004,General Assembly,A/C.3/59/L.59,A/59/503/Add.2,A/59/PV.74,Elimination of all forms of religious intolerance : resolution / adopted by the General Assemly,"Human rights questions, including alternative approaches for improving the effective enjoyment of human rights and fundamental freedoms.",HUMAN RIGHTS ADVANCEMENT|RELIGIOUS INTOLERANCE,,186,0,0,5,191,191,draft,https://digitallibrary.un.org/record/537720
537722,A/RES/59/201,59,2004-12-20,2004,General Assembly,A/C.3/59/L.62,A/59/503/Add.2,A/59/PV.74,"Enhancing the role of regional, subregional and other organizations and arrangements in promoting and consolidating democracy : resolution / adopted by the General Assemly","Human rights questions, including alternative approaches for improving the effective enjoyment of human rights and fundamental freedoms.",HUMAN RIGHTS ADVANCEMENT,,172,0,15,4,191,191,draft,https://digitallibrary.un.org/record/537722
537724,A/RES/59/202,59,2004-12-20,2004,General Assembly,A/C.3/59/L.64/Rev.1,A/59/503/Add.2,A/59/PV.74,The right to food : resolution / adopted by the General Assemly,"Human rights questions, including alternative approaches for improving the effective enjoyment of human rights and fundamental freedoms.",HUMAN RIGHTS ADVANCEMENT|RIGHT TO FOOD,,182,3,0,6,191,191,draft,https://digitallibrary.un.org/record/537724
537725,A/RES/59/203,59,2004-12-20,2004,General Assembly,A/C.3/59/L.65,A/59/503/Add.2,A/59/PV.74,Respect for the right to universal freedom of travel and the vital importance of family reunification : resolution / adopted by the General Assemly,"Human rights questions, including alternative approaches for improving the effective enjoyment of human rights and fundamental freedoms.",HUMAN RIGHTS ADVANCEMENT|FREEDOM OF MOVEMENT--FAMILY REUNIFICATION,,122,3,61,5,191,191,draft,https://digitallibrary.un.org/record/537725
537726,A/RES/59/204,59,2004-12-20,2004,General Assembly,A/C.3/59/L.66,A/59/503/Add.2,A/59/PV.74,Respect for the purposes and principles contained in the Charter of the United Nations to achieve international cooperation in promoting and encouraging respect for human rights and for fundamental freedoms and in solving international problems of a humanitarian character : resolution / adopted by the General Assemly,"Human rights questions, including alternative approaches for improving the effective enjoyment of human rights and fundamental freedoms.",HUMAN RIGHTS ADVANCEMENT,,118,55,13,5,191,191,draft,https://digitallibrary.un.org/record/537726
537728,A/RES/59/205,59,2004-12-20,2004,General Assembly,A/C.3/59/L.50,A/59/503/Add.3,A/59/PV.74,Situation of human rights in the Islamic Republic of Iran : resolution / adopted by the General Assemly,Human rights situations and reports of special rapporteurs and representatives.,HUMAN RIGHTS--REPORTS|HUMAN RIGHTS--IRAN (ISLAMIC REPUBLIC OF),,71,54,55,11,191,191,draft,https://digitallibrary.un.org/record/537728
537730,A/RES/59/206,59,2004-12-20,2004,General Assembly,A/C.3/59/L.53,A/59/503/Add.3,A/59/PV.74,Situation of human rights in Turkmenistan : resolution / adopted by the General Assemly,Human rights situations and reports of special rapporteurs and representatives.,HUMAN RIGHTS--REPORTS|HUMAN RIGHTS--TURKMENISTAN,,69,47,63,12,191,191,draft,https://digitallibrary.un.org/record/537730
537731,A/RES/59/207,59,2004-12-20,2004,General Assembly,A/C.3/59/L.54,A/59/503/Add.3,A/59/PV.74,Situation of human rights in the Democratic Republic of the Congo : resolution / adopted by the General Assemly,Human rights situations and reports of special rapporteurs and representatives.,HUMAN RIGHTS--REPORTS|HUMAN RIGHTS--DEMOCRATIC REPUBLIC OF THE CONGO,,76,2,100,13,191,191,draft,https://digitallibrary.un.org/record/537731
538295,A/RES/59/260,59,2004-12-23,2004,General Assembly,A/C.3/59/L.26,A/59/496,A/59/PV.76,Future Operation of the International Research and Training Institute for the Advancement of Women : resolution / adopted by the General Assembly,Advancement of women.,WOMEN'S ADVANCEMENT,,125,10,30,26,191,191,draft,https://digitallibrary.un.org/record/538295
538364,A/RES/59/261,59,2004-12-23,2004,General Assembly,A/C.3/59/L.29/Rev.1,A/59/499,A/59/PV.76,Rights of the child : resolution / adopted by the General Assembly,Promotion and protection of the rights of children.,RIGHTS OF THE CHILD,,166,2,1,22,191,191,draft,https://digitallibrary.un.org/record/538364
563423,A/RES/60/143,60,2005-12-16,2005,General Assembly,A/C.3/60/L.60,A/60/507|A/60/507/Corr.1,A/60/PV.64,"Inadmissibility of certain practices that contribute to fueling contemporary forms of racism, racial discrimination, xenophobia and related intolerance : resolution / adopted by the General Assembly",Elimination of racism and racial discrimination.,RACIAL DISCRIMINATION,,114,4,57,16,191,191,draft,https://digitallibrary.un.org/record/563423
563431,A/RES/60/144,60,2005-12-16,2005,General Assembly,A/C.3/60/L.63/Rev.1,A/60/507|A/60/507/Corr.1,A/60/PV.64,"Global efforts for the total elimination of racism, racial discrimination, xenophobia and related intolerance and the comprehensive implementation of and follow-up to the Durban Declaration and Programme of Action : resolution / adopted by the General Assembly",Elimination of racism and racial discrimination.,RACIAL DISCRIMINATION,,172,3,4,12,191,191,draft,https://digitallibrary.un.org/record/563431
563432,A/RES/60/146,60,2005-12-16,2005,General Assembly,A/C.3/60/L.62,A/60/508|A/60/508/Corr.1,A/60/PV.64,The right of the Palestinian people to self-determination : resolution / adopted by the General Assembly,Right of peoples to self-determination.,SELF-DETERMINATION OF PEOPLES,,170,5,1,15,191,191,draft,https://digitallibrary.un.org/record/563432
563434,A/RES/60/150,60,2005-12-16,2005,General Assembly,A/C.3/60/L.29,A/60/509/Add.2,A/60/PV.64,Combating defamation of religions : resolution / adopted by the General Assembly,"Human rights questions, including alternative approaches for improving the effective enjoyment of human rights and fundamental freedoms.",HUMAN RIGHTS ADVANCEMENT,,101,53,20,17,191,191,draft,https://digitallibrary.un.org/record/563434
563436,A/RES/60/152,60,2005-12-16,2005,General Assembly,A/C.3/60/L.31,A/60/509/Add.2,A/60/PV.64,Globalization and its impact on the full enjoyment of all human rights : resolution / adopted by the General Assembly,"Human rights questions, including alternative approaches for improving the effective enjoyment of human rights and fundamental freedoms.",HUMAN RIGHTS ADVANCEMENT,,121,53,4,13,191,191,draft,https://digitallibrary.un.org/record/563436
563437,A/RES/60/155,60,2005-12-16,2005,General Assembly,A/C.3/60/L.34,A/60/509/Add.2,A/60/PV.64,Human rights and unilateral coercive measures : resolution / adopted by the General Assembly,"Human rights questions, including alternative approaches for improving the effective enjoyment of human rights and fundamental freedoms.",HUMAN RIGHTS ADVANCEMENT,,125,53,0,13,191,191,draft,https://digitallibrary.un.org/record/563437
563438,A/RES/60/157,60,2005-12-16,2005,General Assembly,A/C.3/60/L.36,A/60/509/Add.2,A/60/PV.64,The right to development : resolution / adopted by the General Assembly,"Human rights questions, including alternative approaches for improving the effective enjoyment of human rights and fundamental freedoms.",HUMAN RIGHTS ADVANCEMENT,,172,2,5,12,191,191,draft,https://digitallibrary.un.org/record/563438
563440,A/RES/60/162,60,2005-12-16,2005,General Assembly,A/C.3/60/L.43,A/60/509/Add.2,A/60/PV.64,Strengthening the role of the United Nations in enhancing the effectiveness of the principle of periodic and genuine elections and the promotion of democratization : resolution / adopted by the General Assembly,"Human rights questions, including alternative approaches for improving the effective enjoyment of human rights and fundamental freedoms.",HUMAN RIGHTS ADVANCEMENT,,173,0,1,17,191,191,draft,https://digitallibrary.un.org/record/563440
563457,A/RES/60/163,60,2005-12-16,2005,General Assembly,A/C.3/60/L.49,A/60/509/Add.2 (Part II),A/60/PV.64,Promotion of peace as a vital requirement for the full enjoyment of all human rights by all : resolution / adopted by the General Assembly,"Human rights questions, including alternative approaches for improving the effective enjoyment of human rights and fundamental freedoms.",HUMAN RIGHTS ADVANCEMENT,,116,53,8,14,191,191,draft,https://digitallibrary.un.org/record/563457
563459,A/RES/60/164,60,2005-12-16,2005,General Assembly,A/C.3/60/L.50,A/60/509/Add.2 (Part II),A/60/PV.64,Respect for the principles of national sovereignty and diversity of democratic systems in electoral processes as an important element for the promotion and protection of human rights : resolution / adopted by the General Assembly,"Human rights questions, including alternative approaches for improving the effective enjoyment of human rights and fundamental freedoms.",HUMAN RIGHTS ADVANCEMENT,,110,6,61,14,191,191,draft,https://digitallibrary.un.org/record/563459
563460,A/RES/60/165,60,2005-12-16,2005,General Assembly,A/C.3/60/L.52/Rev.1,A/60/509/Add.2 (Part II),A/60/PV.64,The right to food : resolution / adopted by the General Assembly,"Human rights questions, including alternative approaches for improving the effective enjoyment of human rights and fundamental freedoms.",HUMAN RIGHTS ADVANCEMENT,,176,1,1,13,191,191,draft,https://digitallibrary.un.org/record/563460
563466,A/RES/60/170,60,2005-12-16,2005,General Assembly,A/C.3/60/L.41/Rev.1,A/60/509/Add.3,A/60/PV.64,Situation of human rights in the Democratic Republic of the Congo : resolution / adopted by the General Assembly,Human rights situations and reports of special rapporteurs and representatives.,HUMAN RIGHTS--REPORTS,,102,3,67,19,191,191,draft,https://digitallibrary.un.org/record/563466
563461,A/RES/60/171,60,2005-12-16,2005,General Assembly,A/C.3/60/L.45,A/60/509/Add.3,A/60/PV.64,Situation of human rights in the Islamic Republic of Iran : resolution / adopted by the General Assembly,Human rights situations and reports of special rapporteurs and representatives.,HUMAN RIGHTS--REPORTS,,75,50,43,23,191,191,draft,https://digitallibrary.un.org/record/563461
563464,A/RES/60/173,60,2005-12-16,2005,General Assembly,A/C.3/60/L.48,A/60/509/Add.3,A/60/PV.64,Situation of human rights in the Democratic People’s Republic of Korea : resolution / adopted by the General Assembly,Human rights situations and reports of special rapporteurs and representatives.,HUMAN RIGHTS--REPORTS,,88,21,60,22,191,191,draft,https://digitallibrary.un.org/record/563464
563465,A/RES/60/174,60,2005-12-16,2005,General Assembly,A/C.3/60/L.51,A/60/509/Add.3,A/60/PV.64,Situation of human rights in Uzbekistan : resolution / adopted by the General Assembly,Human rights situations and reports of special rapporteurs and representatives.,HUMAN RIGHTS--REPORTS,,74,39,56,22,191,191,draft,https://digitallibrary.un.org/record/563465
563979,A/RES/60/229,60,2005-12-23,2005,General Assembly,A/C.3/60/L.15/Rev.1,A/60/503,A/60/PV.69,Future operation of the International Research and Training Institute for the Advancement of Women : resolution / adopted by the General Assembly,Advancement of women.,WOMEN'S ADVANCEMENT,,95,10,25,61,191,191,draft,https://digitallibrary.un.org/record/563979
563980,A/RES/60/230,60,2005-12-23,2005,General Assembly,A/C.3/60/L.17,A/60/503,A/60/PV.69,Convention on the Elimination of All Forms of Discrimination against Women : resolution / adopted by the General Assembly,Advancement of women.,WOMEN'S ADVANCEMENT,,127,1,0,63,191,191,draft,https://digitallibrary.un.org/record/563980
563982,A/RES/60/231,60,2005-12-23,2005,General Assembly,A/C.3/60/L.22/Rev.1,A/60/505,A/60/PV.69,Rights of the child : resolution / adopted by the General Assembly,Promotion and protection of the rights of children.,RIGHTS OF THE CHILD,,130,1,0,60,191,191,draft,https://digitallibrary.un.org/record/563982
589951,A/RES/61/146,61,2006-12-19,2006,General Assembly,A/C.3/61/L.16/Rev.1,A/61/439|A/61/439/Corr.1,A/61/PV.81,Rights of the child : resolution / adopted by the General Assembly,Promotion and protection of the rights of children.,,,185,1,0,6,192,192,draft,https://digitallibrary.un.org/record/589951
590162,A/RES/61/147,61,2006-12-19,2006,General Assembly,A/C.3/61/L.48,A/61/441,A/61/PV.81,"Inadmissibility of certain practices that contribute to fuelling contemporary forms of racism, racial discrimination, xenophobia and related intolerance : resolution / adopted by the General Assembly",Elimination of racism and racial discrimination.,RACIAL DISCRIMINATION--ELIMINATION,,121,4,60,7,192,192,draft,https://digitallibrary.un.org/record/590162
590164,A/RES/61/149,61,2006-12-19,2006,General Assembly,A/C.3/61/L.53/Rev.1,A/61/441,A/61/PV.81,"Global efforts for the total elimination of racism, racial discrimination, xenophobia and related intolerance and the comprehensive implementation of and follow-up to the Durban Declaration and Programme of Action : resolution / adopted by the General Assembly",Elimination of racism and racial discrimination.|Comprehensive implementation of and follow-up to the Durban Declaration and Programme of Action.,RACIAL DISCRIMINATION|RACIAL DISCRIMINATION--PROGRAMMES OF ACTION,,179,2,4,7,192,192,draft,https://digitallibrary.un.org/record/590164
590170,A/RES/61/151,61,2006-12-19,2006,General Assembly,A/C.3/61/L.50,A/61/442,A/61/PV.81,Use of mercenaries as a means of violating human rights and impeding the exercise of the right of peoples to self-determination : resolution / adopted by the General Assembly,Right of peoples to self-determination.,SELF-DETERMINATION OF PEOPLES,,127,51,7,7,192,192,draft,https://digitallibrary.un.org/record/590170
590174,A/RES/61/152,61,2006-12-19,2006,General Assembly,A/C.3/61/L.51,A/61/442,A/61/PV.81,The right of the Palestinian people to self-determination : resolution / adopted by the General Assembly,Right of peoples to self-determination.,SELF-DETERMINATION OF PEOPLES,,176,5,5,6,192,192,draft,https://digitallibrary.un.org/record/590174
590183,A/RES/61/154,61,2006-12-19,2006,General Assembly,A/C.3/61/L.13/Rev.1,A/61/443/Add.2,A/61/PV.81,The human rights situation arising from the recent Israeli military operations in Lebanon : resolution / adopted by the General Assembly,"Human rights questions, including alternative approaches for improving the effective enjoyment of human rights and fundamental freedoms.",HUMAN RIGHTS ADVANCEMENT|HUMAN RIGHTS--LEBANON,,112,7,64,9,192,192,draft,https://digitallibrary.un.org/record/590183
590195,A/RES/61/156,61,2006-12-19,2006,General Assembly,A/C.3/61/L.20,A/61/443/Add.2,A/61/PV.81,Globalization and its impact on the full enjoyment of all human rights : resolution / adopted by the General Assembly,"Human rights questions, including alternative approaches for improving the effective enjoyment of human rights and fundamental freedoms.",HUMAN RIGHTS ADVANCEMENT|GLOBALIZATION--HUMAN RIGHTS,,130,54,3,5,192,192,draft,https://digitallibrary.un.org/record/590195
590198,A/RES/61/159,61,2006-12-19,2006,General Assembly,A/C.3/61/L.23,A/61/443/Add.,A/61/PV.81,Composition of the staff of the Office of the United Nations High Commissioner for Human Rights : resolution / adopted by the General Assembly,"Human rights questions, including alternative approaches for improving the effective enjoyment of human rights and fundamental freedoms.",HUMAN RIGHTS ADVANCEMENT|UN. OFFICE OF THE HIGH COMMISSIONER FOR HUMAN RIGHTS--STAFF COMPOSITION,,118,7,55,12,192,192,draft,https://digitallibrary.un.org/record/590198
590199,A/RES/61/160,61,2006-12-19,2006,General Assembly,A/C.3/61/L.24,A/61/443/Add.2,A/61/PV.81,Promotion of a democratic and equitable international order : resolution / adopted by the General Assembly,"Human rights questions, including alternative approaches for improving the effective enjoyment of human rights and fundamental freedoms.",HUMAN RIGHTS ADVANCEMENT,,124,56,4,8,192,192,draft,https://digitallibrary.un.org/record/590199
590200,A/RES/61/162,61,2006-12-19,2006,General Assembly,A/C.3/61/L.53/Rev.1,A/61/443/Add.2,A/61/PV.81,Respect for the right of universal freedom of travel and the vital importance of family reunification : resolution / adopted by the General Assembly,"Human rights questions, including alternative approaches for improving the effective enjoyment of human rights and fundamental freedoms.",HUMAN RIGHTS ADVANCEMENT|FREEDOM OF MOVEMENT--FAMILY REUNIFICATION,,122,4,58,8,192,192,draft,https://digitallibrary.un.org/record/590200
590215,A/RES/61/163,61,2006-12-19,2006,General Assembly,A/C.3/61/L.27,A/61/443/Add.2,A/61/PV.81,The right to food : resolution / adopted by the General Assembly,"Human rights questions, including alternative approaches for improving the effective enjoyment of human rights and fundamental freedoms.",HUMAN RIGHTS ADVANCEMENT|RIGHT TO FOOD,,185,1,0,6,192,192,draft,https://digitallibrary.un.org/record/590215
590216,A/RES/61/164,61,2006-12-19,2006,General Assembly,A/C.3/61/L.28,A/61/443/Add.2,A/61/PV.81,Combating defamation of religions : resolution / adopted by the General Assembly,"Human rights questions, including alternative approaches for improving the effective enjoyment of human rights and fundamental freedoms.",HUMAN RIGHTS ADVANCEMENT|RELIGIOUS INTOLERANCE,,111,54,18,9,192,192,draft,https://digitallibrary.un.org/record/590216
590229,A/RES/61/166,61,2006-12-19,2006,General Assembly,A/C.3/61/L.31/Rev.1,A/61/443/Add.2,A/61/PV.81,Promotion of equitable and mutually respectful dialogue on human rights : resolution / adopted by the General Assembly,"Human rights questions, including alternative approaches for improving the effective enjoyment of human rights and fundamental freedoms.",HUMAN RIGHTS ADVANCEMENT,,86,64,26,16,192,192,draft,https://digitallibrary.un.org/record/590229
590279,A/RES/61/169,61,2006-12-19,2006,General Assembly,A/C.3/61/L.34,A/61/443/Add.2,A/61/PV.81,The right to development : resolution / adopted by the General Assembly,"Human rights questions, including alternative approaches for improving the effective enjoyment of human rights and fundamental freedoms.",HUMAN RIGHTS ADVANCEMENT|RIGHT TO DEVELOPMENT,,134,53,0,5,192,192,draft,https://digitallibrary.un.org/record/590279
590294,A/RES/61/170,61,2006-12-19,2006,General Assembly,A/C.3/61/L.35,A/61/443/Add.2,A/61/PV.81,Human rights and unilateral coercive measures : resolution / adopted by the General,"Human rights questions, including alternative approaches for improving the effective enjoyment of human rights and fundamental freedoms.",HUMAN RIGHTS ADVANCEMENT|SANCTIONS--INTERNATIONAL RELATIONS,,131,54,0,7,192,192,draft,https://digitallibrary.un.org/record/590294
590297,A/RES/61/173,61,2006-12-19,2006,General Assembly,A/C.3/61/L.45/Rev.1,A/61/443/Add.2,A/61/PV.81,"Extrajudicial, summary or arbitrary executions : resolution / adopted by the General Assembly","Human rights questions, including alternative approaches for improving the effective enjoyment of human rights and fundamental freedoms.",HUMAN RIGHTS ADVANCEMENT|SUMMARY EXECUTIONS,,137,0,43,12,192,192,draft,https://digitallibrary.un.org/record/590297
590298,A/RES/61/174,61,2006-12-19,2006,General Assembly,A/C.3/61/L.37,A/61/443/Add.3,A/61/PV.81,Situation of human rights in the Democratic People's Republic of Korea : resolution / adopted by the General Assembly,Human rights situations and reports of special rapporteurs and representatives.,HUMAN RIGHTS--REPORTS|HUMAN RIGHTS--DEMOCRATIC PEOPLE'S REPUBLIC OF KOREA,,99,21,56,16,192,192,draft,https://digitallibrary.un.org/record/590298
590299,A/RES/61/175,61,2006-12-19,2006,General Assembly,A/C.3/61/L.40,A/61/443/Add.3,A/61/PV.81,Situation of human rights in Belarus : resolution / adopted by the General Assembly,Human rights situations and reports of special rapporteurs and representatives.,HUMAN RIGHTS--REPORTS|HUMAN RIGHTS--BELARUS,,72,32,69,19,192,192,draft,https://digitallibrary.un.org/record/590299
590300,A/RES/61/176,61,2006-12-19,2006,General Assembly,A/C.3/61/L.41,A/61/443/Add.3,A/61/PV.81,Situation of human rights in the Islamic Republic of Iran : resolution / adopted by the General Assembly,Human rights situations and reports of special rapporteurs and representatives.,HUMAN RIGHTS--REPORTS|HUMAN RIGHTS--IRAN (ISLAMIC REPUBLIC OF),,72,50,55,15,192,192,draft,https://digitallibrary.un.org/record/590300
590303,A/RES/61/178,61,2006-12-20,2006,General Assembly,A/C.3/61/L.18/Rev.1,A/61/448,A/61/PV.82,Working Group of the Commission on Human Rights to elaborate a draft declaration in accordance with paragraph 5 of General Assembly resolution 49/214 of 23 December 1994 : resolution / adopted by the General Assembly,Report of the Human Rights Council.,UN. HUMAN RIGHTS COUNCIL--REPORTS,,85,0,89,18,192,192,draft,https://digitallibrary.un.org/record/590303
590466,A/RES/61/232,61,2006-12-22,2006,General Assembly,A/C.3/61/L.38/Rev.1,A/61/443/Add.3,A/61/PV.84,Situation of human rights in Myanmar : resolution / adopted by the General Assembly,Human rights situations and reports of special rapporteurs and representatives.,HUMAN RIGHTS--REPORTS|HUMAN RIGHTS--MYANMAR,,82,25,45,40,192,192,draft,https://digitallibrary.un.org/record/590466
614666,A/RES/62/141,62,2007-12-18,2007,General Assembly,A/C.3/62/L.24/Rev.1,A/62/435,A/62/PV.76,Rights of the child : resolution / adopted by the General Assembly,Promotion and protection of the rights of children.,RIGHTS OF THE CHILD,,183,1,0,8,192,192,draft,https://digitallibrary.un.org/record/614666
614669,A/RES/62/142,62,2007-12-18,2007,General Assembly,A/C.3/62/L.61,A/62/437,A/62/PV.76,"Inadmissibility of certain practices that contribute to fuelling contemporary forms of racism, racial discrimination, xenophobia and related intolerance : resolution / adopted by the General Assembly",Elimination of racism and racial discrimination.,RACIAL DISCRIMINATION--ELIMINATION,,130,2,53,7,192,192,draft,https://digitallibrary.un.org/record/614669
614671,A/RES/62/143,62,2007-12-18,2007,General Assembly,A/C.3/62/L.66,A/62/437,A/62/PV.76,Report of the Human Rights Council on the preparations for the Durban Review Conference : resolution / adopted by the General Assembly,Comprehensive implementation of and follow-up to the Durban Declaration and Programme of Action.,RACIAL DISCRIMINATION--PROGRAMMES OF ACTION,,177,3,3,9,192,192,draft,https://digitallibrary.un.org/record/614671
614674,A/RES/62/145,62,2007-12-18,2007,General Assembly,A/C.3/62/L.62,A/62/438,A/62/PV.76,Use of mercenaries as a means of violating human rights and impeding the exercise of the right of peoples to self-determination : resolution / adopted by the General Assembly,Right of peoples to self-determination.,SELF-DETERMINATION OF PEOPLES|MERCENARIES,,127,52,6,7,192,192,draft,https://digitallibrary.un.org/record/614674
614675,A/RES/62/146,62,2007-12-18,2007,General Assembly,A/C.3/62/L.63,A/62/438,A/62/PV.76,The right of the Palestinian people to self-determination : resolution / adopted by the General Assembly,Right of peoples to self-determination.,SELF-DETERMINATION OF PEOPLES,,176,5,4,7,192,192,draft,https://digitallibrary.un.org/record/614675
614676,A/RES/62/149,62,2007-12-18,2007,General Assembly,A/C.3/62/L.29,A/62/439/Add.2,A/62/PV.76,Moratorium on the use of the death penalty : resolution / adopted by the General Assembly,"Human rights questions, including alternative approaches for improving the effective enjoyment of human rights and fundamental freedoms.",HUMAN RIGHTS ADVANCEMENT|CAPITAL PUNISHMENT,,104,54,29,5,192,192,draft,https://digitallibrary.un.org/record/614676
614679,A/RES/62/150,62,2007-12-18,2007,General Assembly,A/C.3/62/L.30/Rev.1,A/62/439/Add.2,A/62/PV.76,Strengthening the role of the United Nations in enhancing the effectiveness of the principle of periodic and genuine elections and the promotion of democratization : resolution / adopted by the General Assembly,"Human rights questions, including alternative approaches for improving the effective enjoyment of human rights and fundamental freedoms.",HUMAN RIGHTS ADVANCEMENT|ELECTION VERIFICATION--UN,,182,0,2,8,192,192,draft,https://digitallibrary.un.org/record/614679
614680,A/RES/62/151,62,2007-12-18,2007,General Assembly,A/C.3/62/L.31,A/62/439/Add.2,A/62/PV.76,Globalization and its impact on the full enjoyment of all human rights : resolution / adopted by the General Assembly,"Human rights questions, including alternative approaches for improving the effective enjoyment of human rights and fundamental freedoms.",HUMAN RIGHTS ADVANCEMENT|GLOBALIZATION--HUMAN RIGHTS,,129,54,4,5,192,192,draft,https://digitallibrary.un.org/record/614680
614903,A/RES/62/154,62,2007-12-18,2007,General Assembly,A/C.3/62/L.35,A/62/439/Add.2,A/62/PV.76,Combating defamation of religions : resolution / adopted by the General Assembly,"Human rights questions, including alternative approaches for improving the effective enjoyment of human rights and fundamental freedoms.",HUMAN RIGHTS ADVANCEMENT|RELIGIOUS INTOLERANCE,,108,51,25,8,192,192,draft,https://digitallibrary.un.org/record/614903
614906,A/RES/62/161,62,2007-12-18,2007,General Assembly,A/C.3/62/L.49,A/62/439/Add.2,A/62/PV.76,The right to development : resolution / adopted by the General Assembly,"Human rights questions, including alternative approaches for improving the effective enjoyment of human rights and fundamental freedoms.",HUMAN RIGHTS ADVANCEMENT|RIGHT TO DEVELOPMENT,,136,53,0,3,192,192,draft,https://digitallibrary.un.org/record/614906
614909,A/RES/62/162,62,2007-12-18,2007,General Assembly,A/C.3/62/L.50,A/62/439/Add.2,A/62/PV.76,Human rights and unilateral coercive measures : resolution / adopted by the General Assembly,"Human rights questions, including alternative approaches for improving the effective enjoyment of human rights and fundamental freedoms.",HUMAN RIGHTS ADVANCEMENT|SANCTIONS--INTERNATIONAL RELATIONS,,132,54,0,6,192,192,draft,https://digitallibrary.un.org/record/614909
614918,A/RES/62/163,62,2007-12-18,2007,General Assembly,A/C.3/62/L.52,A/62/439/Add.2,A/62/PV.76,Promotion of peace as a vital requirement for the full enjoyment of all human rights by all : resolution / adopted by the General Assembly,"Human rights questions, including alternative approaches for improving the effective enjoyment of human rights and fundamental freedoms.",HUMAN RIGHTS ADVANCEMENT,,126,54,6,6,192,192,draft,https://digitallibrary.un.org/record/614918
615009,A/RES/62/164,62,2007-12-18,2007,General Assembly,A/C.3/62/L.53/Rev.1,A/62/439/Add.2,A/62/PV.76,The right to food : resolution / adopted by the General Assembly,"Human rights questions, including alternative approaches for improving the effective enjoyment of human rights and fundamental freedoms.",HUMAN RIGHTS ADVANCEMENT|RIGHT TO FOOD,,186,1,1,4,192,192,draft,https://digitallibrary.un.org/record/615009
615015,A/RES/62/166,62,2007-12-18,2007,General Assembly,A/C.3/62/L.55,A/62/439/Add.2,A/62/PV.76,Respect for the purposes and principles contained in the Charter of the United Nations to achieve international cooperation in promoting and encouraging respect for human rights and for fundamental freedoms and in solving international problems of a humanitarian character : resolution / adopted by the General Assembly,"Human rights questions, including alternative approaches for improving the effective enjoyment of human rights and fundamental freedoms.",HUMAN RIGHTS ADVANCEMENT,,120,55,10,7,192,192,draft,https://digitallibrary.un.org/record/615015
615020,A/RES/62/167,62,2007-12-18,2007,General Assembly,A/C.3/62/L.37/Rev.1,A/62/439/Add.3,A/62/PV.76,Situation of human rights in the Democratic People's Republic of Korea : resolution / adopted by the General Assembly,Human rights situations and reports of special rapporteurs and representatives.,HUMAN RIGHTS--REPORTS|HUMAN RIGHTS--DEMOCRATIC PEOPLE'S REPUBLIC OF KOREA,,101,22,59,10,192,192,draft,https://digitallibrary.un.org/record/615020
615027,A/RES/62/168,62,2007-12-18,2007,General Assembly,A/C.3/62/L.43,A/62/439/Add.3,A/62/PV.76,Situation of human rights in the Islamic Republic of Iran : resolution / adopted by the General Assembly,Human rights situations and reports of special rapporteurs and representatives.,HUMAN RIGHTS--REPORTS|HUMAN RIGHTS--IRAN (ISLAMIC REPUBLIC OF),,73,53,55,11,192,192,draft,https://digitallibrary.un.org/record/615027
615032,A/RES/62/169,62,2007-12-18,2007,General Assembly,A/C.3/62/L.51,A/62/439/Add.3,A/62/PV.76,Situation of human rights in Belarus : resolution / adopted by the General Assembly,Human rights situations and reports of special rapporteurs and representatives.,HUMAN RIGHTS--REPORTS|HUMAN RIGHTS--BELARUS,,72,33,78,9,192,192,draft,https://digitallibrary.un.org/record/615032
615161,A/RES/62/218,62,2007-12-22,2007,General Assembly,A/C.3/62/L.20/Rev.1,A/62/433(Part II),A/62/PV.79,Convention on the Elimination of All Forms of Discrimination against Women : resolution / adopted by the General Assembly,Advancement of women.,WOMEN'S ADVANCEMENT,,154,1,0,37,192,192,draft,https://digitallibrary.un.org/record/615161
615162,A/RES/62/219,62,2007-12-22,2007,General Assembly,A/C.3/62/L.84,A/62/434,A/62/PV.79,Report of the Human Rights Council : resolution / adopted by the General Assembly,Report of the Human Rights Council.,UN. HUMAN RIGHTS COUNCIL--REPORTS,,150,7,1,34,192,192,draft,https://digitallibrary.un.org/record/615162
615163,A/RES/62/220,62,2007-12-22,2007,General Assembly,A/C.3/62/L.65/Rev.1,A/62/437,A/62/PV.79,"Global efforts for the total elimination of racism, racial discrimination, xenophobia and related intolerance and the comprehensive implementation of and follow-up to the Durban Declaration and Programme of Action : resolution / adopted by the General Assembly",Comprehensive implementation of and follow-up to the Durban Declaration and Programme of Action.,RACIAL DISCRIMINATION--PROGRAMMES OF ACTION,,105,46,6,35,192,192,draft,https://digitallibrary.un.org/record/615163
615165,A/RES/62/222,62,2007-12-22,2007,General Assembly,A/C.3/62/L.41/Rev.1,A/62/439/Add.3,A/62/PV.79,Situation of human rights in Myanmar : resolution / adopted by the General Assembly,Human rights situations and reports of special rapporteurs and representatives.,HUMAN RIGHTS--REPORTS|HUMAN RIGHTS--MYANMAR,,83,22,47,40,192,192,draft,https://digitallibrary.un.org/record/615165
644480,A/RES/63/160,63,2008-12-18,2008,General Assembly,A/C.3/63/L.57,A/63/435/Add.1,A/63/PV.70,Report of the Human Rights Council : resolution / adopted by the General Assembly,Report of the Human Rights Council.,UN. HUMAN RIGHTS COUNCIL--REPORTS,,121,7,58,6,192,192,draft,https://digitallibrary.un.org/record/644480
644498,A/RES/63/162,63,2008-12-18,2008,General Assembly,A/C.3/63/L.49,A/63/428,A/63/PV.70,"Inadmissibility of certain practices that contribute to fuelling contemporary forms of racism, racial discrimination, xenophobia and related intolerance : resolution / adopted by the General Assembly","Elimination of racism, racial discrimination, xenophobia and related intolerance.",RACIAL DISCRIMINATION--ELIMINATION,,129,2,54,7,192,192,draft,https://digitallibrary.un.org/record/644498
644534,A/RES/63/164,63,2008-12-18,2008,General Assembly,A/C.3/63/L.50/Rev.1,A/63/429,A/63/PV.70,Use of mercenaries as a means of violating human rights and impeding the exercise of the right of peoples to self-determination : resolution / adopted by the General Assembly,Right of peoples to self-determination.,SELF-DETERMINATION OF PEOPLES|MERCENARIES,,125,52,5,10,192,192,draft,https://digitallibrary.un.org/record/644534
644535,A/RES/63/165,63,2008-12-18,2008,General Assembly,A/C.3/63/L.52,A/63/429,A/63/PV.70,The right of the Palestinian people to self-determination : resolution / adopted by the General Assembly,Right of peoples to self-determination.,SELF-DETERMINATION OF PEOPLES,,173,5,7,7,192,192,draft,https://digitallibrary.un.org/record/644535
644536,A/RES/63/167,63,2008-12-18,2008,General Assembly,A/C.3/63/L.45,A/63/430/Add.1,A/63/PV.70,Equitable geographical distribution in the membership of the human rights treaty bodies : resolution / adopted by the General Assembly,"Implementation of human rights instruments.|Human rights questions, including alternative approaches for improving the effective enjoyment of human rights and fundamental freedoms.",HUMAN RIGHTS--INTERNATIONAL INSTRUMENTS|HUMAN RIGHTS ADVANCEMENT,,128,55,2,7,192,192,draft,https://digitallibrary.un.org/record/644536
644537,A/RES/63/168,63,2008-12-18,2008,General Assembly,A/C.3/63/L.19|A/C.3/63/L.19/Rev.1,A/63/430/Add.2,A/63/PV.70,Moratorium on the use of the death penalty : resolution / adopted by the General Assembly,"Human rights questions, including alternative approaches for improving the effective enjoyment of human rights and fundamental freedoms.",HUMAN RIGHTS ADVANCEMENT|CAPITAL PUNISHMENT,,106,46,34,6,192,192,draft,https://digitallibrary.un.org/record/644537
644538,A/RES/63/171,63,2008-12-18,2008,General Assembly,A/C.3/63/L.22/Rev.1,A/63/430/Add.2,A/63/PV.70,Combating defamation of religions : resolution / adopted by the General Assembly,"Human rights questions, including alternative approaches for improving the effective enjoyment of human rights and fundamental freedoms.",HUMAN RIGHTS ADVANCEMENT,,86,53,42,11,192,192,draft,https://digitallibrary.un.org/record/644538
644553,A/RES/63/176,63,2008-12-18,2008,General Assembly,A/C.3/63/L.28,A/63/430/Add.2,A/63/PV.70,Globalization and its impact on the full enjoyment of all human rights : resolution / adopted by the General Assembly,"Human rights questions, including alternative approaches for improving the effective enjoyment of human rights and fundamental freedoms.",HUMAN RIGHTS ADVANCEMENT|GLOBALIZATION--HUMAN RIGHTS,,129,54,4,5,192,192,draft,https://digitallibrary.un.org/record/644553
644555,A/RES/63/178,63,2008-12-18,2008,General Assembly,A/C.3/63/L.30/Rev.1,A/63/430/Add.2,A/63/PV.70,The right to development : resolution / adopted by the General Assembly,"Human rights questions, including alternative approaches for improving the effective enjoyment of human rights and fundamental freedoms.",HUMAN RIGHTS ADVANCEMENT|RIGHT TO DEVELOPMENT,,182,4,2,4,192,192,draft,https://digitallibrary.un.org/record/644555
644557,A/RES/63/179,63,2008-12-18,2008,General Assembly,A/C.3/63/L.31,A/63/430/Add.2,A/63/PV.70,Human rights and unilateral coercive measures : resolution / adopted by the General Assembly,"Human rights questions, including alternative approaches for improving the effective enjoyment of human rights and fundamental freedoms.",HUMAN RIGHTS ADVANCEMENT|SANCTIONS--INTERNATIONAL RELATIONS,,132,54,0,6,192,192,draft,https://digitallibrary.un.org/record/644557
644560,A/RES/63/182,63,2008-12-18,2008,General Assembly,A/C.3/63/L.35/Rev.1,A/63/430/Add.2,A/63/PV.70,"Extrajudicial, summary or arbitrary executions : resolution / adopted by the General Assembly","Human rights questions, including alternative approaches for improving the effective enjoyment of human rights and fundamental freedoms.",HUMAN RIGHTS ADVANCEMENT|SUMMARY EXECUTIONS,,127,0,58,7,192,192,draft,https://digitallibrary.un.org/record/644560
644567,A/RES/63/187,63,2008-12-18,2008,General Assembly,A/C.3/63/L.42/Rev.1,A/63/430/Add.2,A/63/PV.70,The right to food : resolution / adopted by the General Assembly,"Human rights questions, including alternative approaches for improving the effective enjoyment of human rights and fundamental freedoms.",HUMAN RIGHTS ADVANCEMENT|RIGHT TO FOOD,,184,1,0,7,192,192,draft,https://digitallibrary.un.org/record/644567
644568,A/RES/63/188,63,2008-12-18,2008,General Assembly,A/C.3/63/L.43,A/63/430/Add.2,A/63/PV.70,Respect for the right to universal freedom of travel and the vital importance of family reunification : resolution / adopted by the General Assembly,"Human rights questions, including alternative approaches for improving the effective enjoyment of human rights and fundamental freedoms.",HUMAN RIGHTS ADVANCEMENT|FREEDOM OF MOVEMENT--FAMILY REUNIFICATION,,121,4,60,7,192,192,draft,https://digitallibrary.un.org/record/644568
644569,A/RES/63/189,63,2008-12-18,2008,General Assembly,A/C.3/63/L.44,A/63/430/Add.2,A/63/PV.70,Promotion of a democratic and equitable international order : resolution / adopted by the General Assembly,"Human rights questions, including alternative approaches for improving the effective enjoyment of human rights and fundamental freedoms.",HUMAN RIGHTS ADVANCEMENT,,124,55,7,6,192,192,draft,https://digitallibrary.un.org/record/644569
644571,A/RES/63/190,63,2008-12-18,2008,General Assembly,A/C.3/63/L.26,A/63/430/Add.3|A/63/430/Add.3/Corr.1,A/63/PV.71,Situation of human rights in the Democratic People's Republic of Korea : resolution / adopted by the General Assembly,Human rights situations and reports of special rapporteurs and representatives.,HUMAN RIGHTS--REPORTS|HUMAN RIGHTS--DEMOCRATIC PEOPLE'S REPUBLIC OF KOREA,,94,22,63,13,192,192,draft,https://digitallibrary.un.org/record/644571
644572,A/RES/63/191,63,2008-12-18,2008,General Assembly,A/C.3/63/L.40,A/63/430/Add.3|A/63/430/Add.3/Corr.1,A/63/PV.71,Situation of human rights in the Islamic Republic of Iran : resolution / adopted by the General Assembly,Human rights situations and reports of special rapporteurs and representatives.,HUMAN RIGHTS--REPORTS|HUMAN RIGHTS--IRAN (ISLAMIC REPUBLIC OF),,69,54,57,12,192,192,draft,https://digitallibrary.un.org/record/644572
644764,A/RES/63/241,63,2008-12-24,2008,General Assembly,A/C.3/63/L.16/Rev.1,A/63/426,A/63/PV.74,Rights of the child : resolution / adopted by the General Assembly,Promotion and protection of the rights of children.,RIGHTS OF THE CHILD,,159,1,0,32,192,192,draft,https://digitallibrary.un.org/record/644764
644765,A/RES/63/242,63,2008-12-24,2008,General Assembly,A/C.3/63/L.51/Rev.1,A/63/428,A/63/PV.74,"Global efforts for the total elimination of racism, racial discrimination, xenophobia and related intolerance and the comprehensive implementation of and follow-up to the Durban Declaration and Programme of Action : resolution / adopted by the General Assembly",Elimination of racism and racial discrimination.|Comprehensive implementation of and follow-up to the Durban Declaration and Programme of Action.,RACIAL DISCRIMINATION|RACIAL DISCRIMINATION--PROGRAMMES OF ACTION,,109,13,35,35,192,192,draft,https://digitallibrary.un.org/record/644765
644767,A/RES/63/245,63,2008-12-24,2008,General Assembly,A/C.3/63/L.33,A/63/430/Add.3,A/63/PV.74,Situation of human rights in Myanmar : resolution / adopted by the General Assembly,Human rights situations and reports of special rapporteurs and representatives.,HUMAN RIGHTS--REPORTS,,80,25,45,42,192,192,draft,https://digitallibrary.un.org/record/644767
674037,A/RES/64/147,64,2009-12-18,2009,General Assembly,A/C.3/64/L.53,A/64/437,A/64/PV.65,"Inadmissibility of certain practices that contribute to fuelling contemporary forms of racism, racial discrimination, xenophobia and related intolerance : resolution / adopted by the General Assembly","Elimination of racism, racial discrimination, xenophobia and related intolerance.",RACIAL DISCRIMINATION--ELIMINATION,,127,1,54,10,192,192,draft,https://digitallibrary.un.org/record/674037
674038,A/RES/64/148,64,2009-12-18,2009,General Assembly,A/C.3/64/L.54/Rev.1,A/64/437,A/64/PV.65,"Global efforts for the total elimination of racism, racial discrimination, xenophobia and related intolerance and the comprehensive implementation of and follow-up to the Durban Declaration and Programme of Action : resolution / adopted by the General Assembly",Comprehensive implementation of and follow-up to the Durban Declaration and Programme of Action.,RACIAL DISCRIMINATION--PROGRAMMES OF ACTION,,128,13,43,8,192,192,draft,https://digitallibrary.un.org/record/674038
674042,A/RES/64/150,64,2009-12-18,2009,General Assembly,A/C.3/64/L.56,A/64/438,A/64/PV.65,The right of the Palestinian people to self-determination : resolution / adopted by the General Assembly,Right of peoples to self-determination.,SELF-DETERMINATION OF PEOPLES,,176,6,3,7,192,192,draft,https://digitallibrary.un.org/record/674042
674093,A/RES/64/151,64,2009-12-18,2009,General Assembly,A/C.3/64/L.57,A/64/438,A/64/PV.65,Use of mercenaries as a means of violating human rights and impeding the exercise of the right of peoples to self-determination : resolution / adopted by the General Assembly,Right of peoples to self-determination.,SELF-DETERMINATION OF PEOPLES|MERCENARIES,,126,53,4,9,192,192,draft,https://digitallibrary.un.org/record/674093
674095,A/RES/64/152,64,2009-12-18,2009,General Assembly,A/C.3/64/L.22,A/64/439/Add.1,A/64/PV.65,International Covenants on Human Rights : resolution / adopted by the General Assembly,Implementation of human rights instruments.,HUMAN RIGHTS--INTERNATIONAL INSTRUMENTS,,185,0,0,7,192,192,draft,https://digitallibrary.un.org/record/674095
674135,A/RES/64/156,64,2009-12-18,2009,General Assembly,A/C.3/64/L.27,A/64/439/Add.2(PartII),A/64/PV.65,Combating defamation of religions : resolution / adopted by the General Assembly,"Human rights questions, including alternative approaches for improving the effective enjoyment of human rights and fundamental freedoms.",HUMAN RIGHTS ADVANCEMENT|RELIGIOUS INTOLERANCE,,80,61,42,9,192,192,draft,https://digitallibrary.un.org/record/674135
674136,A/RES/64/157,64,2009-12-18,2009,General Assembly,A/C.3/64/L.28,A/64/439/Add.2(PartII),A/64/PV.65,Promotion of a democratic and equitable international order : resolution / adopted by the General Assembly,"Human rights questions, including alternative approaches for improving the effective enjoyment of human rights and fundamental freedoms.",HUMAN RIGHTS ADVANCEMENT,,127,54,5,6,192,192,draft,https://digitallibrary.un.org/record/674136
674201,A/RES/64/160,64,2009-12-18,2009,General Assembly,A/C.3/64/L.31,A/64/439/Add.2(PartII),A/64/PV.65,Globalization and its impact on the full enjoyment of all human rights : resolution / adopted by the General Assembly,"Human rights questions, including alternative approaches for improving the effective enjoyment of human rights and fundamental freedoms.",HUMAN RIGHTS ADVANCEMENT|GLOBALIZATION--HUMAN RIGHTS,,129,54,3,6,192,192,draft,https://digitallibrary.un.org/record/674201
674226,A/RES/64/170,64,2009-12-18,2009,General Assembly,A/C.3/64/L.45,A/64/439/Add.2(PartII),A/64/PV.65,Human rights and unilateral coercive measures : resolution / adopted by the General Assembly,"Human rights questions, including alternative approaches for improving the effective enjoyment of human rights and fundamental freedoms.",HUMAN RIGHTS ADVANCEMENT|SANCTIONS--INTERNATIONAL RELATIONS,,132,54,0,6,192,192,draft,https://digitallibrary.un.org/record/674226
674250,A/RES/64/172,64,2009-12-18,2009,General Assembly,A/C.3/64/L.47,A/64/439/Add.2(PartII),A/64/PV.65,The right to development : resolution / adopted by the General Assembly,"Human rights questions, including alternative approaches for improving the effective enjoyment of human rights and fundamental freedoms.",HUMAN RIGHTS ADVANCEMENT|RIGHT TO DEVELOPMENT,,133,23,30,6,192,192,draft,https://digitallibrary.un.org/record/674250
674405,A/RES/64/173,64,2009-12-18,2009,General Assembly,A/C.3/64/L.48,A/64/439/Add.2(PartII),A/64/PV.65,Promotion of equitable geographical distribution in the membership of the human rights treaty bodies : resolution / adopted by the General Assembly,"Human rights questions, including alternative approaches for improving the effective enjoyment of human rights and fundamental freedoms.",HUMAN RIGHTS ADVANCEMENT,,131,53,2,6,192,192,draft,https://digitallibrary.un.org/record/674405
674406,A/RES/64/174,64,2009-12-18,2009,General Assembly,A/C.3/64/L.49,A/64/439/Add.2(PartII),A/64/PV.65,Human rights and cultural diversity : resolution / adopted by the General Assembly,"Human rights questions, including alternative approaches for improving the effective enjoyment of human rights and fundamental freedoms.",HUMAN RIGHTS ADVANCEMENT,,126,52,5,9,192,192,draft,https://digitallibrary.un.org/record/674406
674407,A/RES/64/175,64,2009-12-18,2009,General Assembly,A/C.3/64/L.35,A/64/439/Add.3,A/64/PV.65,Situation of human rights in the Democratic People's Republic of Korea : resolution / adopted by the General Assembly,Human rights situations and reports of special rapporteurs and representatives.,HUMAN RIGHTS--REPORTS|HUMAN RIGHTS--DEMOCRATIC PEOPLE'S REPUBLIC OF KOREA,,99,20,63,10,192,192,draft,https://digitallibrary.un.org/record/674407
674408,A/RES/64/176,64,2009-12-18,2009,General Assembly,A/C.3/64/L.37,A/64/439/Add.3,A/64/PV.65,Situation of human rights in the Islamic Republic of Iran : resolution / adopted by the General Assembly,Human rights situations and reports of special rapporteurs and representatives.,HUMAN RIGHTS--REPORTS|HUMAN RIGHTS--IRAN (ISLAMIC REPUBLIC OF),,74,49,59,10,192,192,draft,https://digitallibrary.un.org/record/674408
675477,A/RES/64/238,64,2009-12-24,2009,General Assembly,A/C.3/64/L.36,A/64/439/Add.3,A/64/PV.68,Situation of human rights in Myanmar : resolution / adopted by the General Assembly,Human rights situations and reports of special rapporteurs and representatives.,HUMAN RIGHTS--REPORTS|HUMAN RIGHTS--MYANMAR,,86,23,39,44,192,192,draft,https://digitallibrary.un.org/record/675477
700327,A/RES/65/195,65,2010-12-21,2010,General Assembly,A/C.3/65/L.57,A/65/451,A/65/PV.71,Report of the Human Rights Council : resolution / adopted by the General Assembly,Report of the Human Rights Council.,UN. HUMAN RIGHTS COUNCIL--REPORTS,,123,1,55,13,192,192,draft,https://digitallibrary.un.org/record/700327
700346,A/RES/65/199,65,2010-12-21,2010,General Assembly,A/C.3/65/L.50,A/65/454,A/65/PV.71,"Inadmissibility of certain practices that contribute to fuelling contemporary forms of racism, racial discrimination, xenophobia and related intolerance : resolution / adopted by the General Assembly","Elimination of racism, racial discrimination, xenophobia and related intolerance.",RACIAL DISCRIMINATION--ELIMINATION,,129,3,52,8,192,192,draft,https://digitallibrary.un.org/record/700346
700379,A/RES/65/202,65,2010-12-21,2010,General Assembly,A/C.3/65/L.52,A/65/455,A/65/PV.71,The right of the Palestinian people to self-determination : resolution / adopted by the General Assembly,Right of peoples to self-determination.,SELF-DETERMINATION OF PEOPLES,,177,6,4,5,192,192,draft,https://digitallibrary.un.org/record/700379
700384,A/RES/65/203,65,2010-12-21,2010,General Assembly,A/C.3/65/L.54/Rev.1,A/65/455,A/65/PV.71,Use of mercenaries as a means of violating human rights and impeding the exercise of the right of peoples to self-determination : resolution / adopted by the General Assembly,Right of peoples to self-determination.,SELF-DETERMINATION OF PEOPLES|MERCENARIES,,127,52,5,8,192,192,draft,https://digitallibrary.un.org/record/700384
700454,A/RES/65/206,65,2010-12-21,2010,General Assembly,A/C.3/65/L.23/Rev.1,A/65/456/Add.2(PartII),A/65/PV.71,Moratorium on the use of the death penalty : resolution / adopted by the General Assembly,"Human rights questions, including alternative approaches for improving the effective enjoyment of human rights and fundamental freedoms.",HUMAN RIGHTS ADVANCEMENT|CAPITAL PUNISHMENT,,109,41,35,7,192,192,draft,https://digitallibrary.un.org/record/700454
700507,A/RES/65/208,65,2010-12-21,2010,General Assembly,A/C.3/65/L.29/Rev.1,A/65/456/Add.2(PartII),A/65/PV.71,"Extrajudicial, summary or arbitrary executions : resolution / adopted by the General Assembly","Human rights questions, including alternative approaches for improving the effective enjoyment of human rights and fundamental freedoms.",HUMAN RIGHTS ADVANCEMENT|SUMMARY EXECUTIONS,,122,1,62,7,192,192,draft,https://digitallibrary.un.org/record/700507
700508,A/RES/65/216,65,2010-12-21,2010,General Assembly,A/C.3/65/L.38,A/65/456/Add.2(PartII),A/65/PV.71,Globalization and its impact on the full enjoyment of all human rights : resolution / adopted by the General Assembly,"Human rights questions, including alternative approaches for improving the effective enjoyment of human rights and fundamental freedoms.",HUMAN RIGHTS ADVANCEMENT|GLOBALIZATION--HUMAN RIGHTS,,132,54,0,6,192,192,draft,https://digitallibrary.un.org/record/700508
700534,A/RES/65/217,65,2010-12-21,2010,General Assembly,A/C.3/65/L.39,A/65/456/Add.2(PartII),A/65/PV.71,Human rights and unilateral coercive measures : resolution / adopted by the General Assembly,"Human rights questions, including alternative approaches for improving the effective enjoyment of human rights and fundamental freedoms.",HUMAN RIGHTS ADVANCEMENT|SANCTIONS--INTERNATIONAL RELATIONS,,131,53,0,8,192,192,draft,https://digitallibrary.un.org/record/700534
700524,A/RES/65/219,65,2010-12-21,2010,General Assembly,A/C.3/65/L.41/Rev.1,A/65/456/Add.2(PartII),A/65/PV.71,The right to development : resolution / adopted by the General Assembly,"Human rights questions, including alternative approaches for improving the effective enjoyment of human rights and fundamental freedoms.",HUMAN RIGHTS ADVANCEMENT|RIGHT TO DEVELOPMENT,,133,24,28,7,192,192,draft,https://digitallibrary.un.org/record/700524
700542,A/RES/65/222,65,2010-12-21,2010,General Assembly,A/C.3/65/L.44,A/65/456/Add.2(PartII),A/65/PV.71,Promotion of peace as a vital requirement for the full enjoyment of all human rights by all : resolution / adopted by the General Assembly,"Human rights questions, including alternative approaches for improving the effective enjoyment of human rights and fundamental freedoms.",HUMAN RIGHTS ADVANCEMENT,,127,54,4,7,192,192,draft,https://digitallibrary.un.org/record/700542
700551,A/RES/65/223,65,2010-12-21,2010,General Assembly,A/C.3/65/L.45,A/65/456/Add.2(PartII),A/65/PV.71,Promotion of a democratic and equitable international order : resolution / adopted by the General Assembly,"Human rights questions, including alternative approaches for improving the effective enjoyment of human rights and fundamental freedoms.",HUMAN RIGHTS ADVANCEMENT,,126,54,5,7,192,192,draft,https://digitallibrary.un.org/record/700551
700637,A/RES/65/224,65,2010-12-21,2010,General Assembly,A/C.3/65/L.46/Rev.1,A/65/456/Add.2(PartII),A/65/PV.71,Combating defamation of religions : resolution / adopted by the General Assembly,"Human rights questions, including alternative approaches for improving the effective enjoyment of human rights and fundamental freedoms.",HUMAN RIGHTS ADVANCEMENT|RELIGIOUS INTOLERANCE,,79,67,40,6,192,192,draft,https://digitallibrary.un.org/record/700637
700650,A/RES/65/225,65,2010-12-21,2010,General Assembly,A/C.3/65/L.47,A/65/456/Add. 3,A/65/PV.71,Situation of human rights in the Democratic People's Republic of Korea : resolution / adopted by the General Assembly,Human rights situations and reports of special rapporteurs and representatives.,HUMAN RIGHTS--REPORTS|HUMAN RIGHTS--DEMOCRATIC PEOPLE'S REPUBLIC OF KOREA,,106,20,57,9,192,192,draft,https://digitallibrary.un.org/record/700650
700654,A/RES/65/226,65,2010-12-21,2010,General Assembly,A/C.3/65/L.49,A/65/456/Add. 3,A/65/PV.71,Situation of human rights in the Islamic Republic of Iran : resolution / adopted by the General Assembly,Human rights situations and reports of special rapporteurs and representatives.,HUMAN RIGHTS--REPORTS|HUMAN RIGHTS--IRAN (ISLAMIC REPUBLIC OF),,78,45,59,10,192,192,draft,https://digitallibrary.un.org/record/700654
700847,A/RES/65/240,65,2010-12-24,2010,General Assembly,A/C.3/65/L.60,A/65/454|A/65/454/Corr.1,A/65/PV.73,"Global efforts for the total elimination of racism, racial discrimination, xenophobia and related intolerance and the comprehensive implementation of and follow-up to the Durban Declaration and Programme of Action : resolution / adopted by the General Assembly",Comprehensive implementation of and follow-up to the Durban Declaration and Programme of Action.,RACIAL DISCRIMINATION--PROGRAMMES OF ACTION,,104,22,33,33,192,192,draft,https://digitallibrary.un.org/record/700847
700753,A/RES/65/241,65,2010-12-24,2010,General Assembly,A/C.3/65/L.48/Rev.1,A/65/456/Add.3,A/65/PV.73,Situation of human rights in Myanmar : resolution / adopted by the General Assembly,Human rights situations and reports of special rapporteurs and representatives.,HUMAN RIGHTS--REPORTS|HUMAN RIGHTS--MYANMAR,,85,26,46,35,192,192,draft,https://digitallibrary.un.org/record/700753
722846,A/RES/66/136,66,2011-12-19,2011,General Assembly,A/C.3/66/L.64/Rev.1,A/66/457,A/66/PV.89,Report of the Human Rights Council : resolution / adopted by the General Assembly,Report of the Human Rights Council.,UN. HUMAN RIGHTS COUNCIL--REPORTS,,122,3,59,9,193,193,draft,https://digitallibrary.un.org/record/722846
724243,A/RES/66/143,66,2011-12-19,2011,General Assembly,A/C.3/66/L.60,A/66/460,A/66/PV.89,"Inadmissibility of certain practices that contribute to fuelling contemporary forms of racism, racial discrimination, xenophobia and related intolerance : resolution / adopted by the General Assembly","Elimination of racism, racial discrimination, xenophobia and related intolerance.",RACIAL DISCRIMINATION--ELIMINATION,,134,24,32,3,193,193,draft,https://digitallibrary.un.org/record/724243
723989,A/RES/66/144,66,2011-12-19,2011,General Assembly,A/C.3/66/L.68/Rev.1,A/66/460,A/66/PV.89,"Global efforts for the total elimination of racism, racial discrimination, xenophobia and related intolerance and the comprehensive implementation of and follow-up to the Durban Declaration and Programme of Action : resolution / adopted by the General Assembly",Comprehensive implementation of and follow-up to the Durban Declaration and Programme of Action.,RACIAL DISCRIMINATION--PROGRAMMES OF ACTION,,138,6,46,3,193,193,draft,https://digitallibrary.un.org/record/723989
724410,A/RES/66/146,66,2011-12-19,2011,General Assembly,A/C.3/66/L.61,A/66/461,A/66/PV.89,The right of the Palestinian people to self-determination : resolution / adopted by the General Assembly,Right of peoples to self-determination.,SELF-DETERMINATION OF PEOPLES,,182,7,3,1,193,193,draft,https://digitallibrary.un.org/record/724410
724615,A/RES/66/147,66,2011-12-19,2011,General Assembly,A/C.3/66/L.62,A/66/461,A/66/PV.89,Use of mercenaries as a means of violating human rights and impeding the exercise of the right of peoples to self-determination : resolution / adopted by the General Assembly,Right of peoples to self-determination.,SELF-DETERMINATION OF PEOPLES|MERCENARIES,,130,53,6,4,193,193,draft,https://digitallibrary.un.org/record/724615
723993,A/RES/66/153,66,2011-12-19,2011,General Assembly,A/C.3/66/L.33,A/66/462/Add.2,A/66/PV.89,Promotion of equitable geographical distribution in the membership of the human rights treaty bodies : resolution / adopted by the General Assembly,"Human rights questions, including alternative approaches for improving the effective enjoyment of human rights and fundamental freedoms.",HUMAN RIGHTS ADVANCEMENT,,135,54,1,3,193,193,draft,https://digitallibrary.un.org/record/723993
723996,A/RES/66/154,66,2011-12-19,2011,General Assembly,A/C.3/66/L.34/Rev.1,A/66/462/Add.2,A/66/PV.89,Human rights and cultural diversity : resolution / adopted by the General Assembly,"Human rights questions, including alternative approaches for improving the effective enjoyment of human rights and fundamental freedoms.",HUMAN RIGHTS ADVANCEMENT,,136,53,2,2,193,193,draft,https://digitallibrary.un.org/record/723996
724411,A/RES/66/155,66,2011-12-19,2011,General Assembly,A/C.3/66/L.35/Rev.1,A/66/462/Add.2,A/66/PV.89,The right to development : resolution / adopted by the General Assembly,"Human rights questions, including alternative approaches for improving the effective enjoyment of human rights and fundamental freedoms.",HUMAN RIGHTS ADVANCEMENT|RIGHT TO DEVELOPMENT,,154,6,29,4,193,193,draft,https://digitallibrary.un.org/record/724411
724245,A/RES/66/156,66,2011-12-19,2011,General Assembly,A/C.3/66/L.36,A/66/462/Add.2,A/66/PV.89,Human rights and unilateral coercive measures : resolution / adopted by the General Assembly,"Human rights questions, including alternative approaches for improving the effective enjoyment of human rights and fundamental freedoms.",HUMAN RIGHTS ADVANCEMENT|SANCTIONS--INTERNATIONAL RELATIONS,,137,54,0,2,193,193,draft,https://digitallibrary.un.org/record/724245
724279,A/RES/66/159,66,2011-12-19,2011,General Assembly,A/C.3/66/L.39,A/66/462/Add.2,A/66/PV.89,Promotion of a democratic and equitable international order : resolution / adopted by the General Assembly,"Human rights questions, including alternative approaches for improving the effective enjoyment of human rights and fundamental freedoms.",HUMAN RIGHTS ADVANCEMENT,,130,54,6,3,193,193,draft,https://digitallibrary.un.org/record/724279
724004,A/RES/66/161,66,2011-12-19,2011,General Assembly,A/C.3/66/L.41,A/66/462/Add.2,A/66/PV.89,Globalization and its impact on the full enjoyment of all human rights : resolution / adopted by the General Assembly,"Human rights questions, including alternative approaches for improving the effective enjoyment of human rights and fundamental freedoms.",HUMAN RIGHTS ADVANCEMENT|GLOBALIZATION--HUMAN RIGHTS,,137,54,0,2,193,193,draft,https://digitallibrary.un.org/record/724004
724459,A/RES/66/174,66,2011-12-19,2011,General Assembly,A/C.3/66/L.54,A/66/462/Add.3,A/66/PV.89,Situation of human rights in the Democratic People's Republic of Korea : resolution / adopted by the General Assembly,Human rights situations and reports of special rapporteurs and representatives.,HUMAN RIGHTS--REPORTS|HUMAN RIGHTS--DEMOCRATIC PEOPLE'S REPUBLIC OF KOREA,,123,16,51,3,193,193,draft,https://digitallibrary.un.org/record/724459
721356,A/RES/66/175,66,2011-12-19,2011,General Assembly,A/C.3/66/L.56,A/66/462/Add.3,A/66/PV.89,Situation of human rights in the Islamic Republic of Iran : resolution / adopted by the General Assembly,Human rights situations and reports of special rapporteurs and representatives.,HUMAN RIGHTS--REPORTS|HUMAN RIGHTS--IRAN (ISLAMIC REPUBLIC OF),,89,30,64,10,193,193,draft,https://digitallibrary.un.org/record/721356
721456,A/RES/66/176,66,2011-12-19,2011,General Assembly,A/C.3/66/L.57/Rev.1,A/66/462/Add.3,A/66/PV.89,Situation of human rights in the Syrian Arab Republic : resolution / adopted by the General Assembly,Human rights situations and reports of special rapporteurs and representatives.,HUMAN RIGHTS--REPORTS|HUMAN RIGHTS--SYRIAN ARAB REPUBLIC,,133,11,43,6,193,193,draft,https://digitallibrary.un.org/record/721456
724807,A/RES/66/230,66,2011-12-24,2011,General Assembly,A/C.3/66/L.55/Rev.1,A/66/462/Add.3,A/66/PV.93,Situation of human rights in Myanmar : resolution / adopted by the General Assembly,Human rights situations and reports of special rapporteurs and representatives.,HUMAN RIGHTS--REPORTS|HUMAN RIGHTS--MYANMAR,,83,21,39,50,193,193,draft,https://digitallibrary.un.org/record/724807
740170,A/RES/67/139,67,2012-12-20,2012,General Assembly,A/C.3/67/L.9/Rev.1,A/67/449|A/67/449/Corr.1,A/67/PV.60,Towards a comprehensive and integral international legal instrument to promote and protect the rights and dignity of older persons : resolution / adopted by the General Assembly,"Social development, including questions relating to the world social situation and to youth, ageing, disabled persons and the family.|Follow-up to the International Year of Older Persons : 2nd World Assembly on Ageing.",SOCIAL CONDITIONS|AGEING PERSONS|AGEING PERSONS--2ND WORLD ASSEMBLY (2002),,54,5,118,16,193,193,draft,https://digitallibrary.un.org/record/740170
740171,A/RES/67/154,67,2012-12-20,2012,General Assembly,A/C.3/67/L.55/Rev.1,A/67/455,A/67/PV.60,"Glorification of Nazism : inadmissibility of certain practices that contribute to fuelling contemporary forms of racism, racial discrimination, xenophobia and related intolerance : resolution / adopted by the General Assembly","Elimination of racism, racial discrimination, xenophobia and related intolerance.",RACIAL DISCRIMINATION--ELIMINATION,,129,3,54,7,193,193,draft,https://digitallibrary.un.org/record/740171
740172,A/RES/67/155,67,2012-12-20,2012,General Assembly,A/C.3/67/L.56/Rev.1,A/67/455,A/67/PV.60,"Global efforts for the total elimination of racism, racial discrimination, xenophobia and related intolerance and the comprehensive implementation of and follow-up to the Durban Declaration and Programme of Action : resolution / adopted by the General Assembly",Comprehensive implementation of and follow-up to the Durban Declaration and Programme of Action.,RACIAL DISCRIMINATION--PROGRAMMES OF ACTION,,133,7,48,5,193,193,draft,https://digitallibrary.un.org/record/740172
740173,A/RES/67/158,67,2012-12-20,2012,General Assembly,A/C.3/67/L.54,A/67/456|A/67/456/Corr.1,A/67/PV.60,The right of the Palestinian people to self-determination : resolution / adopted by the General Assembly,Right of peoples to self-determination.,SELF-DETERMINATION OF PEOPLES,,179,7,3,4,193,193,draft,https://digitallibrary.un.org/record/740173
740174,A/RES/67/159,67,2012-12-20,2012,General Assembly,A/C.3/67/L.58,A/67/456,A/67/PV.60,Use of mercenaries as a means of violating human rights and impeding the exercise of the right of peoples to self-determination : resolution / adopted by the General Assembly,Right of peoples to self-determination.,SELF-DETERMINATION OF PEOPLES|MERCENARIES,,128,54,7,4,193,193,draft,https://digitallibrary.un.org/record/740174
740175,A/RES/67/162,67,2012-12-20,2012,General Assembly,A/C.3/67/L.27/Rev.1,A/67/457/Add.2|A/67/457/Add.2/Corr.1,A/67/PV.60,United Nations Human Rights Training and Documentation Centre for South-West Asia and the Arab Region : resolution / adopted by the General Assembly,"Human rights questions, including alternative approaches for improving the effective enjoyment of human rights and fundamental freedoms.",HUMAN RIGHTS ADVANCEMENT|HUMAN RIGHTS INSTITUTIONS--SOUTHWEST ASIA AND ARAB COUNTRIES,,174,1,10,8,193,193,draft,https://digitallibrary.un.org/record/740175
740176,A/RES/67/165,67,2012-12-20,2012,General Assembly,A/C.3/67/L.33,A/67/457/Add.2|A/67/457/Add.2/Corr.1,A/67/PV.60,Globalization and its impact on the full enjoyment of all human rights : resolution / adopted by the General Assembly,"Human rights questions, including alternative approaches for improving the effective enjoyment of human rights and fundamental freedoms.",HUMAN RIGHTS ADVANCEMENT|GLOBALIZATION--HUMAN RIGHTS,,133,54,2,4,193,193,draft,https://digitallibrary.un.org/record/740176
740177,A/RES/67/168,67,2012-12-20,2012,General Assembly,A/C.3/67/L.36,A/67/457/Add.2|A/67/457/Add.2/Corr.1,A/67/PV.60,"Extrajudicial, summary or arbitrary executions : resolution / adopted by the General Assembly","Human rights questions, including alternative approaches for improving the effective enjoyment of human rights and fundamental freedoms.",HUMAN RIGHTS ADVANCEMENT|SUMMARY EXECUTIONS,,117,0,67,9,193,193,draft,https://digitallibrary.un.org/record/740177
740178,A/RES/67/170,67,2012-12-20,2012,General Assembly,A/C.3/67/L.38,A/67/457/Add.2|A/67/457/Add.2/Corr.1,A/67/PV.60,Human rights and unilateral coercive measures : resolution / adopted by the General Assembly,"Human rights questions, including alternative approaches for improving the effective enjoyment of human rights and fundamental freedoms.",HUMAN RIGHTS ADVANCEMENT|SANCTIONS--INTERNATIONAL RELATIONS,,128,54,4,7,193,193,draft,https://digitallibrary.un.org/record/740178
740179,A/RES/67/171,67,2012-12-20,2012,General Assembly,A/C.3/67/L.39,A/67/457/Add.2|A/67/457/Add.2/Corr.1,A/67/PV.60,The right to development : resolution / adopted by the General Assembly,"Human rights questions, including alternative approaches for improving the effective enjoyment of human rights and fundamental freedoms.",HUMAN RIGHTS ADVANCEMENT|RIGHT TO DEVELOPMENT,,154,4,28,7,193,193,draft,https://digitallibrary.un.org/record/740179
740180,A/RES/67/173,67,2012-12-20,2012,General Assembly,A/C.3/67/L.41,A/67/457/Add.2|A/67/457/Add.2/Corr.1,A/67/PV.60,Promotion of peace as a vital requirement for the full enjoyment of all human rights by all : resolution / adopted by the General Assembly,"Human rights questions, including alternative approaches for improving the effective enjoyment of human rights and fundamental freedoms.",HUMAN RIGHTS ADVANCEMENT,,127,54,6,6,193,193,draft,https://digitallibrary.un.org/record/740180
740181,A/RES/67/175,67,2012-12-20,2012,General Assembly,A/C.3/67/L.43,A/67/457/Add.2|A/67/457/Add.2/Corr.1,A/67/PV.60,Promotion of a democratic and equitable international order : resolution / adopted by the General Assembly,"Human rights questions, including alternative approaches for improving the effective enjoyment of human rights and fundamental freedoms.",HUMAN RIGHTS ADVANCEMENT|DEMOCRACY,,126,53,6,8,193,193,draft,https://digitallibrary.un.org/record/740181
740182,A/RES/67/176,67,2012-12-20,2012,General Assembly,A/C.3/67/L.44/Rev.1,A/67/457/Add.2|A/67/457/Add.2/Corr.1,A/67/PV.60,Moratorium on the use of the death penalty : resolution / adopted by the General Assembly,"Human rights questions, including alternative approaches for improving the effective enjoyment of human rights and fundamental freedoms.",HUMAN RIGHTS ADVANCEMENT|CAPITAL PUNISHMENT,,111,41,34,7,193,193,draft,https://digitallibrary.un.org/record/740182
740183,A/RES/67/182,67,2012-12-20,2012,General Assembly,A/C.3/67/L.51,A/67/457/Add.3|A/67/457/Add.3/Corr.1,A/67/PV.60,Situation of human rights in the Islamic Republic of Iran : resolution / adopted by the General Assembly,Human rights situations and reports of special rapporteurs and representatives.,HUMAN RIGHTS--REPORTS|HUMAN RIGHTS--IRAN (ISLAMIC REPUBLIC OF),,86,32,65,10,193,193,draft,https://digitallibrary.un.org/record/740183
740184,A/RES/67/183,67,2012-12-20,2012,General Assembly,A/C.3/67/L.52,A/67/457/Add.3|A/67/457/Add.3/Corr.1,A/67/PV.60,Situation of human rights in the Syrian Arab Republic : resolution / adopted by the General Assembly,Human rights situations and reports of special rapporteurs and representatives.,HUMAN RIGHTS--REPORTS|HUMAN RIGHTS--SYRIAN ARAB REPUBLIC,,135,12,36,10,193,193,draft,https://digitallibrary.un.org/record/740184
765034,A/RES/68/144,68,2013-12-18,2013,General Assembly,A/C.3/68/L.75,A/68/451,A/68/PV.70,Report of the Human Rights Council : resolution / adopted by the General Assembly,Report of the Human Rights Council.,UN. HUMAN RIGHTS COUNCIL--REPORTS,,94,71,23,5,193,193,draft,https://digitallibrary.un.org/record/765034
765036,A/RES/68/150,68,2013-12-18,2013,General Assembly,A/C.3/68/L.65/Rev.1,A/68/454,A/68/PV.70,"Combating glorification of Nazism and other practices that contribute to fuelling contemporary forms of racism, racial discrimination, xenophobia and related intolerance : resolution / adopted by the General Assembly","Elimination of racism, racial discrimination, xenophobia and related intolerance.",RACIAL DISCRIMINATION--ELIMINATION,,135,4,51,3,193,193,draft,https://digitallibrary.un.org/record/765036
765039,A/RES/68/151,68,2013-12-18,2013,General Assembly,A/C.3/68/L.69/Rev.1,A/68/454,A/68/PV.70,"Global efforts for the total elimination of racism, racial discrimination, xenophobia and related intolerance and the comprehensive implementation of and follow-up to the Durban Declaration and Programme of Action : resolution / adopted by the General Assembly","Elimination of racism, racial discrimination, xenophobia and related intolerance.",RACIAL DISCRIMINATION--ELIMINATION,,134,11,46,2,193,193,draft,https://digitallibrary.un.org/record/765039
765052,A/RES/68/152,68,2013-12-18,2013,General Assembly,A/C.3/68/L.66,A/68/455,A/68/PV.70,Use of mercenaries as a means of violating human rights and impeding the exercise of the right of peoples to self-determination : resolution / adopted by the General Assembly,Right of peoples to self-determination.,SELF-DETERMINATION OF PEOPLES|MERCENARIES,,128,55,8,2,193,193,draft,https://digitallibrary.un.org/record/765052
765056,A/RES/68/154,68,2013-12-18,2013,General Assembly,A/C.3/68/L.68,A/68/455,A/68/PV.70,The right of the Palestinian people to self-determination : resolution / adopted by the General Assembly,Right of peoples to self-determination.,SELF-DETERMINATION OF PEOPLES,,178,7,4,4,193,193,draft,https://digitallibrary.un.org/record/765056
765059,A/RES/68/158,68,2013-12-18,2013,General Assembly,A/C.3/68/L.35,A/68/456/Add.2,A/68/PV.70,The right to development : resolution / adopted by the General Assembly,"Human rights questions, including alternative approaches for improving the effective enjoyment of human rights and fundamental freedoms.",HUMAN RIGHTS ADVANCEMENT|RIGHT TO DEVELOPMENT,,158,4,28,3,193,193,draft,https://digitallibrary.un.org/record/765059
765063,A/RES/68/159,68,2013-12-18,2013,General Assembly,A/C.3/68/L.36,A/68/456/Add.2,A/68/PV.70,Human rights and cultural diversity : resolution / adopted by the General Assembly,"Human rights questions, including alternative approaches for improving the effective enjoyment of human rights and fundamental freedoms.",HUMAN RIGHTS ADVANCEMENT,,136,54,0,3,193,193,draft,https://digitallibrary.un.org/record/765063
765068,A/RES/68/161,68,2013-12-18,2013,General Assembly,A/C.3/68/L.38,A/68/456/Add.2,A/68/PV.70,Promotion of equitable geographical distribution in the membership of the human rights treaty bodies : resolution / adopted by the General Assembly,"Human rights questions, including alternative approaches for improving the effective enjoyment of human rights and fundamental freedoms.",HUMAN RIGHTS ADVANCEMENT,,135,54,1,3,193,193,draft,https://digitallibrary.un.org/record/765068
765071,A/RES/68/162,68,2013-12-18,2013,General Assembly,A/C.3/68/L.39,A/68/456/Add.2,A/68/PV.70,Human rights and unilateral coercive measures : resolution / adopted by the General Assembly,"Human rights questions, including alternative approaches for improving the effective enjoyment of human rights and fundamental freedoms.",HUMAN RIGHTS ADVANCEMENT|SANCTIONS--INTERNATIONAL RELATIONS,,135,55,0,3,193,193,draft,https://digitallibrary.un.org/record/765071
765075,A/RES/68/168,68,2013-12-18,2013,General Assembly,A/C.3/68/L.47,A/68/456/Add.2,A/68/PV.70,Globalization and its impact on the full enjoyment of all human rights : resolution / adopted by the General Assembly,"Human rights questions, including alternative approaches for improving the effective enjoyment of human rights and fundamental freedoms.",HUMAN RIGHTS ADVANCEMENT|GLOBALIZATION--HUMAN RIGHTS,,136,55,0,2,193,193,draft,https://digitallibrary.un.org/record/765075
765076,A/RES/68/175,68,2013-12-18,2013,General Assembly,A/C.3/68/L.58,A/68/456/Add.2,A/68/PV.70,Promotion of a democratic and equitable international order : resolution / adopted by the General Assembly,"Human rights questions, including alternative approaches for improving the effective enjoyment of human rights and fundamental freedoms.",HUMAN RIGHTS ADVANCEMENT|DEMOCRACY,,132,52,6,3,193,193,draft,https://digitallibrary.un.org/record/765076
765077,A/RES/68/182,68,2013-12-18,2013,General Assembly,A/C.3/68/L.42/Rev.1,A/68/456/Add.3,A/68/PV.70,Situation of human rights in the Syrian Arab Republic : resolution / adopted by the General Assembly,Human rights situations and reports of special rapporteurs and representatives.,HUMAN RIGHTS--REPORTS|HUMAN RIGHTS--SYRIAN ARAB REPUBLIC,,127,13,47,6,193,193,draft,https://digitallibrary.un.org/record/765077
765078,A/RES/68/184,68,2013-12-18,2013,General Assembly,A/C.3/68/L.57,A/68/456/Add.3,A/68/PV.70,Situation of human rights in the Islamic Republic of Iran : resolution / adopted by the General Assembly,Human rights situations and reports of special rapporteurs and representatives.,HUMAN RIGHTS--REPORTS|HUMAN RIGHTS--IRAN (ISLAMIC REPUBLIC OF),,86,36,61,10,193,193,draft,https://digitallibrary.un.org/record/765078
765083,A/RES/68/241,68,2013-12-27,2013,General Assembly,A/C.3/68/L.52/Rev.1,A/68/456/Add.2,A/68/PV.72,United Nations Human Rights Training and Documentation Centre for South-West Asia and the Arab Region : resolution / adopted by the General Assembly,"Human rights questions, including alternative approaches for improving the effective enjoyment of human rights and fundamental freedoms.",HUMAN RIGHTS ADVANCEMENT|HUMAN RIGHTS INSTITUTIONS--SOUTHWEST ASIA AND ARAB COUNTRIES,,132,1,1,59,193,193,draft,https://digitallibrary.un.org/record/765083
820071,A/RES/69/155,69,2014-12-18,2014,General Assembly,A/C.3/69/L.65,A/69/483,A/69/PV.73,Report of the Human Rights Council : resolution / adopted by the General Assembly,Report of the Human Rights Council.,UN. HUMAN RIGHTS COUNCIL--REPORTS,,125,2,56,10,193,193,draft,https://digitallibrary.un.org/record/820071
820132,A/RES/69/160,69,2014-12-18,2014,General Assembly,A/C.3/69/L.56/Rev.1,A/69/486,A/69/PV.73,"Combating glorification of Nazism, neo-Nazism and other practices that contribute to fuelling contemporary forms of racism, racial discrimination, xenophobia and related intolerance : resolution / adopted by the General Assembly","Elimination of racism, racial discrimination, xenophobia and related intolerance.",RACIAL DISCRIMINATION--ELIMINATION,,132,4,51,6,193,193,draft,https://digitallibrary.un.org/record/820132
820123,A/RES/69/162,69,2014-12-18,2014,General Assembly,A/C.3/69/L.59,A/69/486,A/69/PV.73,"A global call for concrete action for the total elimination of racism, racial discrimination, xenophobia and related intolerance and the comprehensive implementation of and follow-up to the Durban Declaration and Programme of Action : resolution / adopted by the General Assembly",Comprehensive implementation of and follow-up to the Durban Declaration and Programme of Action.,RACIAL DISCRIMINATION--PROGRAMMES OF ACTION,,134,10,42,7,193,193,draft,https://digitallibrary.un.org/record/820123
820098,A/RES/69/163,69,2014-12-18,2014,General Assembly,A/C.3/69/L.53,A/69/487,A/69/PV.73,Use of mercenaries as a means of violating human rights and impeding the exercise of the right of peoples to self-determination : resolution / adopted by the General Assembly,Right of peoples to self-determination.,SELF-DETERMINATION OF PEOPLES|MERCENARIES,,130,52,7,4,193,193,draft,https://digitallibrary.un.org/record/820098
820107,A/RES/69/165,69,2014-12-18,2014,General Assembly,A/C.3/69/L.58,A/69/487,A/69/PV.73,The right of the Palestinian people to self-determination : resolution / adopted by the General Assembly,Right of peoples to self-determination.,SELF-DETERMINATION OF PEOPLES,,180,7,4,2,193,193,draft,https://digitallibrary.un.org/record/820107
820119,A/RES/69/170,69,2014-12-18,2014,General Assembly,A/C.3/69/L.35/Rev.1,A/69/488/Add.2|A/69/488/Add.2/Corr.1,A/69/PV.73,International Albinism Awareness Day : resolution / adopted by the General Assembly,"Human rights questions, including alternative approaches for improving the effective enjoyment of human rights and fundamental freedoms.",HUMAN RIGHTS ADVANCEMENT|ALBINISM,,171,0,16,6,193,193,draft,https://digitallibrary.un.org/record/820119
820126,A/RES/69/171,69,2014-12-18,2014,General Assembly,A/C.3/69/L.36/Rev.1,A/69/488/Add.2|A/69/488/Add.2/Corr.1,A/69/PV.73,United Nations Human Rights Training and Documentation Centre for South-West Asia and the Arab Region : resolution / adopted by the General Assembly,"Human rights questions, including alternative approaches for improving the effective enjoyment of human rights and fundamental freedoms.",HUMAN RIGHTS ADVANCEMENT|HUMAN RIGHTS INSTITUTIONS--SOUTHWEST ASIA AND ARAB COUNTRIES,,182,1,3,7,193,193,draft,https://digitallibrary.un.org/record/820126
820061,A/RES/69/173,69,2014-12-18,2014,General Assembly,A/C.3/69/L.38,A/69/488/Add.2|A/69/488/Add.2/Corr.1,A/69/PV.73,Globalization and its impact on the full enjoyment of all human rights : resolution / adopted by the General Assembly,"Human rights questions, including alternative approaches for improving the effective enjoyment of human rights and fundamental freedoms.",HUMAN RIGHTS ADVANCEMENT|GLOBALIZATION--HUMAN RIGHTS,,135,53,1,4,193,193,draft,https://digitallibrary.un.org/record/820061
820099,A/RES/69/176,69,2014-12-18,2014,General Assembly,A/C.3/69/L.41,A/69/488/Add.2|A/69/488/Add.2/Corr.1,A/69/PV.73,Promotion of peace as a vital requirement for the full enjoyment of all human rights by all : resolution / adopted by the General Assembly,"Human rights questions, including alternative approaches for improving the effective enjoyment of human rights and fundamental freedoms.",HUMAN RIGHTS ADVANCEMENT,,134,53,2,4,193,193,draft,https://digitallibrary.un.org/record/820099
820117,A/RES/69/178,69,2014-12-18,2014,General Assembly,A/C.3/69/L.43,A/69/488/Add.2|A/69/488/Add.2/Corr.1,A/69/PV.73,Promotion of a democratic and equitable international order : resolution / adopted by the General Assembly,"Human rights questions, including alternative approaches for improving the effective enjoyment of human rights and fundamental freedoms.",HUMAN RIGHTS ADVANCEMENT|DEMOCRACY,,129,53,6,5,193,193,draft,https://digitallibrary.un.org/record/820117
820105,A/RES/69/180,69,2014-12-18,2014,General Assembly,A/C.3/69/L.45,A/69/488/Add.2|A/69/488/Add.2/Corr.1,A/69/PV.73,Human rights and unilateral coercive measures : resolution / adopted by the General Assembly,"Human rights questions, including alternative approaches for improving the effective enjoyment of human rights and fundamental freedoms.",HUMAN RIGHTS ADVANCEMENT|SANCTIONS--INTERNATIONAL RELATIONS,,134,53,1,5,193,193,draft,https://digitallibrary.un.org/record/820105
820058,A/RES/69/181,69,2014-12-18,2014,General Assembly,A/C.3/69/L.46,A/69/488/Add.2|A/69/488/Add.2/Corr.1,A/69/PV.73,The right to development : resolution / adopted by the General Assembly,"Human rights questions, including alternative approaches for improving the effective enjoyment of human rights and fundamental freedoms.",HUMAN RIGHTS ADVANCEMENT|RIGHT TO DEVELOPMENT,,156,5,26,6,193,193,draft,https://digitallibrary.un.org/record/820058
820084,A/RES/69/182,69,2014-12-18,2014,General Assembly,A/C.3/69/L.47/Rev.1,A/69/488/Add.2|A/69/488/Add.2/Corr.1,A/69/PV.73,"Extrajudicial, summary or arbitrary executions : resolution / adopted by the General Assembly","Human rights questions, including alternative approaches for improving the effective enjoyment of human rights and fundamental freedoms.",HUMAN RIGHTS ADVANCEMENT|SUMMARY EXECUTIONS,,122,0,66,5,193,193,draft,https://digitallibrary.un.org/record/820084
820128,A/RES/69/186,69,2014-12-18,2014,General Assembly,A/C.3/69/L.51/Rev.1,A/69/488/Add.2|A/69/488/Add.2/Corr.1,A/69/PV.73,Moratorium on the use of the death penalty : resolution / adopted by the General Assembly,"Human rights questions, including alternative approaches for improving the effective enjoyment of human rights and fundamental freedoms.",HUMAN RIGHTS ADVANCEMENT|CAPITAL PUNISHMENT,,117,37,34,5,193,193,draft,https://digitallibrary.un.org/record/820128
820106,A/RES/69/188,69,2014-12-18,2014,General Assembly,A/C.3/69/L.28/Rev.1,A/69/488/Add.3,A/69/PV.73,Situation of human rights in the Democratic People's Republic of Korea : resolution / adopted by the General Assembly,Human rights situations and reports of special rapporteurs and representatives.,HUMAN RIGHTS--REPORTS|HUMAN RIGHTS--DEMOCRATIC PEOPLE'S REPUBLIC OF KOREA,,116,20,53,4,193,193,draft,https://digitallibrary.un.org/record/820106
820070,A/RES/69/189,69,2014-12-18,2014,General Assembly,A/C.3/69/L.31,A/69/488/Add.3,A/69/PV.73,Situation of human rights in the Syrian Arab Republic : resolution / adopted by the General Assembly,Human rights situations and reports of special rapporteurs and representatives.,HUMAN RIGHTS--REPORTS|HUMAN RIGHTS--SYRIAN ARAB REPUBLIC,,127,13,48,5,193,193,draft,https://digitallibrary.un.org/record/820070
820088,A/RES/69/190,69,2014-12-18,2014,General Assembly,A/C.3/69/L.33,A/69/488/Add.3,A/69/PV.73,Situation of human rights in the Islamic Republic of Iran : resolution / adopted by the General Assembly,Human rights situations and reports of special rapporteurs and representatives.,HUMAN RIGHTS--REPORTS|HUMAN RIGHTS--IRAN (ISLAMIC REPUBLIC OF),,83,35,68,7,193,193,draft,https://digitallibrary.un.org/record/820088
827222,A/RES/70/136,70,2015-12-17,2015,General Assembly,A/C.3/70/L.66,A/70/484,A/70/PV.80,Report of the Human Rights Council : resolution / adopted by the General Assembly,Report of the Human Rights Council.,UN. HUMAN RIGHTS COUNCIL--REPORTS,,121,2,60,10,193,193,draft,https://digitallibrary.un.org/record/827222
827217,A/RES/70/137,70,2015-12-17,2015,General Assembly,A/C.3/70/L.28/Rev.1,A/70/485,A/70/PV.80,Rights of the child : resolution / adopted by the General Assembly,Promotion and protection of the rights of children.,RIGHTS OF THE CHILD,,141,1,42,9,193,193,draft,https://digitallibrary.un.org/record/827217
827182,A/RES/70/139,70,2015-12-17,2015,General Assembly,A/C.3/70/L.59/Rev.1,A/70/487,A/70/PV.80,"Combating glorification of Nazism, neo-Nazism and other practices that contribute to fuelling contemporary forms of racism, racial discrimination, xenophobia and related intolerance : resolution / adopted by the General Assembly","Elimination of racism, racial discrimination, xenophobia and related intolerance.",RACIAL DISCRIMINATION--ELIMINATION,,133,4,49,7,193,193,draft,https://digitallibrary.un.org/record/827182
827197,A/RES/70/140,70,2015-12-17,2015,General Assembly,A/C.3/70/L.61,A/70/487,A/70/PV.80,"A global call for concrete action for the total elimination of racism, racial discrimination, xenophobia and related intolerance and the comprehensive implementation of and follow-up to the Durban Declaration and Programme of Action : resolution / adopted by the General Assembly",Comprehensive implementation of and follow-up to the Durban Declaration and Programme of Action.,RACIAL DISCRIMINATION--PROGRAMMES OF ACTION,,133,11,44,5,193,193,draft,https://digitallibrary.un.org/record/827197
827204,A/RES/70/141,70,2015-12-17,2015,General Assembly,A/C.3/70/L.42,A/70/488,A/70/PV.80,The right of the Palestinian people to self-determination : resolution / adopted by the General Assembly,Right of peoples to self-determination.,SELF-DETERMINATION OF PEOPLES,,177,7,4,5,193,193,draft,https://digitallibrary.un.org/record/827204
827200,A/RES/70/142,70,2015-12-17,2015,General Assembly,A/C.3/70/L.58,A/70/488,A/70/PV.80,Use of mercenaries as a means of violating human rights and impeding the exercise of the right of peoples to self-determination : resolution / adopted by the General Assembly,Right of peoples to self-determination.,SELF-DETERMINATION OF PEOPLES|MERCENARIES,,130,53,6,4,193,193,draft,https://digitallibrary.un.org/record/827200
827220,A/RES/70/149,70,2015-12-17,2015,General Assembly,A/C.3/70/L.30,A/70/489/Add.2,A/70/PV.80,Promotion of a democratic and equitable international order : resolution / adopted by the General Assembly,"Human rights questions, including alternative approaches for improving the effective enjoyment of human rights and fundamental freedoms.",HUMAN RIGHTS ADVANCEMENT|DEMOCRACY,,130,53,5,5,193,193,draft,https://digitallibrary.un.org/record/827220
827221,A/RES/70/151,70,2015-12-17,2015,General Assembly,A/C.3/70/L.32,A/70/489/Add.2,A/70/PV.80,Human rights and unilateral coercive measures : resolution / adopted by the General Assembly,"Human rights questions, including alternative approaches for improving the effective enjoyment of human rights and fundamental freedoms.",HUMAN RIGHTS ADVANCEMENT|SANCTIONS--INTERNATIONAL RELATIONS,,135,54,0,4,193,193,draft,https://digitallibrary.un.org/record/827221
827208,A/RES/70/152,70,2015-12-17,2015,General Assembly,A/C.3/70/L.33,A/70/489/Add.2,A/70/PV.80,Promotion of equitable geographical distribution in the membership of the human rights treaty bodies : resolution / adopted by the General Assembly,"Human rights questions, including alternative approaches for improving the effective enjoyment of human rights and fundamental freedoms.",HUMAN RIGHTS ADVANCEMENT,,134,54,0,5,193,193,draft,https://digitallibrary.un.org/record/827208
827176,A/RES/70/155,70,2015-12-17,2015,General Assembly,A/C.3/70/L.37/Rev.1,A/70/489/Add.2,A/70/PV.80,The right to development : resolution / adopted by the General Assembly,"Human rights questions, including alternative approaches for improving the effective enjoyment of human rights and fundamental freedoms.",HUMAN RIGHTS ADVANCEMENT|RIGHT TO DEVELOPMENT,,148,6,33,6,193,193,draft,https://digitallibrary.un.org/record/827176
827192,A/RES/70/156,70,2015-12-17,2015,General Assembly,A/C.3/70/L.38,A/70/489/Add.2,A/70/PV.80,Human rights and cultural diversity : resolution / adopted by the General Assembly,"Human rights questions, including alternative approaches for improving the effective enjoyment of human rights and fundamental freedoms.",HUMAN RIGHTS ADVANCEMENT,,133,54,0,6,193,193,draft,https://digitallibrary.un.org/record/827192
827190,A/RES/70/159,70,2015-12-17,2015,General Assembly,A/C.3/70/L.43,A/70/489/Add.2,A/70/PV.80,Globalization and its impact on the full enjoyment of all human rights : resolution / adopted by the General Assembly,"Human rights questions, including alternative approaches for improving the effective enjoyment of human rights and fundamental freedoms.",HUMAN RIGHTS ADVANCEMENT|GLOBALIZATION--HUMAN RIGHTS,,135,53,1,4,193,193,draft,https://digitallibrary.un.org/record/827190
827202,A/RES/70/161,70,2015-12-17,2015,General Assembly,A/C.3/70/L.46/Rev.1,A/70/489/Add.2,A/70/PV.80,"Human rights defenders in the context of the Declaration on the Right and Responsibility of Individuals, Groups and Organs of Society to Promote and Protect Universally Recognized Human Rights and Fundamental Freedoms : resolution / adopted by the General Assembly","Human rights questions, including alternative approaches for improving the effective enjoyment of human rights and fundamental freedoms.",HUMAN RIGHTS ADVANCEMENT|HUMAN RIGHTS ACTIVISTS,,127,14,41,11,193,193,draft,https://digitallibrary.un.org/record/827202
827187,A/RES/70/168,70,2015-12-17,2015,General Assembly,A/C.3/70/L.54,A/70/489/Add.2,A/70/PV.80,Strengthening the role of the United Nations in enhancing periodic and genuine elections and the promotion of democratization : resolution / adopted by the General Assembly,"Human rights questions, including alternative approaches for improving the effective enjoyment of human rights and fundamental freedoms.",HUMAN RIGHTS ADVANCEMENT|ELECTION VERIFICATION--UN,,168,0,15,10,193,193,draft,https://digitallibrary.un.org/record/827187
827194,A/RES/70/171,70,2015-12-17,2015,General Assembly,A/C.3/70/L.57,A/70/489/Add.2,A/70/PV.80,United Nations Human Rights Training and Documentation Centre for South-West Asia and the Arab Region : resolution / adopted by the General Assembly,"Human rights questions, including alternative approaches for improving the effective enjoyment of human rights and fundamental freedoms.",HUMAN RIGHTS ADVANCEMENT|HUMAN RIGHTS INSTITUTIONS--SOUTHWEST ASIA AND ARAB COUNTRIES,,184,1,1,7,193,193,draft,https://digitallibrary.un.org/record/827194
827186,A/RES/70/172,70,2015-12-17,2015,General Assembly,A/C.3/70/L.35,A/70/489/Add.3,A/70/PV.80,Situation of human rights in the Democratic People's Republic of Korea : resolution / adopted by the General Assembly,Human rights situations and reports of special rapporteurs and representatives.,HUMAN RIGHTS--REPORTS|HUMAN RIGHTS--DEMOCRATIC PEOPLE'S REPUBLIC OF KOREA,,119,19,48,7,193,193,draft,https://digitallibrary.un.org/record/827186
827213,A/RES/70/173,70,2015-12-17,2015,General Assembly,A/C.3/70/L.45,A/70/489/Add.3,A/70/PV.80,Situation of human rights in the Islamic Republic of Iran : resolution / adopted by the General Assembly,Human rights situations and reports of special rapporteurs and representatives.,HUMAN RIGHTS--REPORTS|HUMAN RIGHTS--IRAN (ISLAMIC REPUBLIC OF),,81,37,67,8,193,193,draft,https://digitallibrary.un.org/record/827213
827242,A/RES/70/234,70,2015-12-23,2015,General Assembly,A/C.3/70/L.47,A/70/489/Add.3,A/70/PV.82,Situation of human rights in the Syrian Arab Republic : resolution / adopted by the General Assembly,Human rights situations and reports of special rapporteurs and representatives.,HUMAN RIGHTS--REPORTS|HUMAN RIGHTS--SYRIAN ARAB REPUBLIC,,104,13,37,39,193,193,draft,https://digitallibrary.un.org/record/827242
855169,A/RES/71/174,71,2016-12-19,2016,General Assembly,A/C.3/71/L.46,A/71/479,A/71/PV.65,Report of the Human Rights Council : resolution / adopted by the General Assembly,Report of the Human Rights Council.,UN. HUMAN RIGHTS COUNCIL--REPORTS,,106,2,74,11,193,193,draft,https://digitallibrary.un.org/record/855169
855189,A/RES/71/179,71,2016-12-19,2016,General Assembly,A/C.3/71/L.45/Rev.1,A/71/482,A/71/PV.65,"Combating glorification of Nazism, neo-Nazism and other practices that contribute to fuelling contemporary forms of racism, racial discrimination, xenophobia and related intolerance : resolution / adopted by the General Assembly","Elimination of racism, racial discrimination, xenophobia and related intolerance.",RACIAL DISCRIMINATION--ELIMINATION,,136,2,49,6,193,193,draft,https://digitallibrary.un.org/record/855189
855185,A/RES/71/181,71,2016-12-19,2016,General Assembly,A/C.3/71/L.48/Rev.1,A/71/482,A/71/PV.65,"A global call for concrete action for the total elimination of racism, racial discrimination, xenophobia and related intolerance and the comprehensive implementation of and follow-up to the Durban Declaration and Programme of Action : resolution / adopted by the General Assembly",Comprehensive implementation of and follow-up to the Durban Declaration and Programme of Action.,RACIAL DISCRIMINATION--PROGRAMMES OF ACTION,,133,9,45,6,193,193,draft,https://digitallibrary.un.org/record/855185
855170,A/RES/71/182,71,2016-12-19,2016,General Assembly,A/C.3/71/L.42,A/71/483,A/71/PV.65,Use of mercenaries as a means of violating human rights and impeding the exercise of the right of peoples to self determination : resolution / adopted by the General Assembly,Right of peoples to self-determination.,SELF-DETERMINATION OF PEOPLES|MERCENARIES,,132,53,4,4,193,193,draft,https://digitallibrary.un.org/record/855170
855168,A/RES/71/184,71,2016-12-19,2016,General Assembly,A/C.3/71/L.50,A/71/483,A/71/PV.65,The right of the Palestinian people to self-determination : resolution / adopted by the General Assembly,Right of peoples to self-determination.,SELF-DETERMINATION OF PEOPLES,,177,7,4,5,193,193,draft,https://digitallibrary.un.org/record/855168
855172,A/RES/71/187,71,2016-12-19,2016,General Assembly,A/C.3/71/L.27,A/71/484/Add.2,A/71/PV.65,Moratorium on the use of the death penalty : resolution / adopted by the General Assembly,"Human rights questions, including alternative approaches for improving the effective enjoyment of human rights and fundamental freedoms.",HUMAN RIGHTS ADVANCEMENT|CAPITAL PUNISHMENT,,117,40,31,5,193,193,draft,https://digitallibrary.un.org/record/855172
855187,A/RES/71/189,71,2016-12-19,2016,General Assembly,A/C.3/71/L.29,A/71/484/Add.2,A/71/PV.65,Declaration on the Right to Peace : resolution / adopted by the General Assembly,"Human rights questions, including alternative approaches for improving the effective enjoyment of human rights and fundamental freedoms.",HUMAN RIGHTS ADVANCEMENT,,131,34,19,9,193,193,draft,https://digitallibrary.un.org/record/855187
855228,A/RES/71/190,71,2016-12-19,2016,General Assembly,A/C.3/71/L.30/Rev.1,A/71/484/Add.2,A/71/PV.65,Promotion of a democratic and equitable international order : resolution / adopted by the General Assembly,"Human rights questions, including alternative approaches for improving the effective enjoyment of human rights and fundamental freedoms.",HUMAN RIGHTS ADVANCEMENT|DEMOCRACY,,130,53,6,4,193,193,draft,https://digitallibrary.un.org/record/855228
855216,A/RES/71/192,71,2016-12-19,2016,General Assembly,A/C.3/71/L.32/Rev.1,A/71/484/Add.2,A/71/PV.65,The right to development : resolution / adopted by the General Assembly,"Human rights questions, including alternative approaches for improving the effective enjoyment of human rights and fundamental freedoms.",HUMAN RIGHTS ADVANCEMENT|RIGHT TO DEVELOPMENT,,146,3,39,5,193,193,draft,https://digitallibrary.un.org/record/855216
855231,A/RES/71/193,71,2016-12-19,2016,General Assembly,A/C.3/71/L.33/Rev.1,A/71/484/Add.2,A/71/PV.65,Human rights and unilateral coercive measures : resolution / adopted by the General Assembly,"Human rights questions, including alternative approaches for improving the effective enjoyment of human rights and fundamental freedoms.",HUMAN RIGHTS ADVANCEMENT|SANCTIONS--INTERNATIONAL RELATIONS,,133,54,0,6,193,193,draft,https://digitallibrary.un.org/record/855231
855184,A/RES/71/197,71,2016-12-19,2016,General Assembly,A/C.3/71/L.37,A/71/484/Add.2,A/71/PV.65,Globalization and its impact on the full enjoyment of all human rights : resolution / adopted by the General Assembly,"Human rights questions, including alternative approaches for improving the effective enjoyment of human rights and fundamental freedoms.",HUMAN RIGHTS ADVANCEMENT|GLOBALIZATION--HUMAN RIGHTS,,135,53,1,4,193,193,draft,https://digitallibrary.un.org/record/855184
855197,A/RES/71/198,71,2016-12-19,2016,General Assembly,A/C.3/71/L.38/Rev.1,A/71/484/Add.2,A/71/PV.65,"Extrajudicial, summary or arbitrary executions : resolution / adopted by the General Assembly","Human rights questions, including alternative approaches for improving the effective enjoyment of human rights and fundamental freedoms.",HUMAN RIGHTS ADVANCEMENT|SUMMARY EXECUTIONS,,125,2,56,10,193,193,draft,https://digitallibrary.un.org/record/855197
855227,A/RES/71/203,71,2016-12-19,2016,General Assembly,A/C.3/71/L.24,A/71/484/Add.3,A/71/PV.65,Situation of human rights in the Syrian Arab Republic : resolution / adopted by the General Assembly,Human rights situations and reports of special rapporteurs and representatives.,HUMAN RIGHTS--REPORTS|HUMAN RIGHTS--SYRIAN ARAB REPUBLIC,,116,16,52,9,193,193,draft,https://digitallibrary.un.org/record/855227
855198,A/RES/71/204,71,2016-12-19,2016,General Assembly,A/C.3/71/L.25,A/71/484/Add.3,A/71/PV.65,Situation of human rights in the Islamic Republic of Iran : resolution / adopted by the General Assembly,Human rights situations and reports of special rapporteurs and representatives.,HUMAN RIGHTS--REPORTS|HUMAN RIGHTS--IRAN (ISLAMIC REPUBLIC OF),,85,35,63,10,193,193,draft,https://digitallibrary.un.org/record/855198
855181,A/RES/71/205,71,2016-12-19,2016,General Assembly,A/C.3/71/L.26,A/71/484/Add.3,A/71/PV.65,Situation of human rights in the Autonomous Republic of Crimea and the city of Sevastopol (Ukraine) : resolution / adopted by the General Assembly,Human rights situations and reports of special rapporteurs and representatives.,HUMAN RIGHTS--REPORTS|HUMAN RIGHTS--UKRAINE,,70,26,77,20,193,193,draft,https://digitallibrary.un.org/record/855181
1327562,A/RES/72/141,72,2017-12-19,2017,General Assembly,A/C.3/72/L.12/Rev.1,A/72/431,A/72/PV.73,Implementation of the outcome of the World Summit for Social Development and of the 24th special session of the General Assembly : resolution / adopted by the General Assembly,Implementation of the outcome of the World Summit for Social Development and of the 24th special session of the General Assembly.,SOCIAL DEVELOPMENT--CONFERENCES,,184,2,0,7,193,193,draft,https://digitallibrary.un.org/record/1327562
1327541,A/RES/72/153,72,2017-12-19,2017,General Assembly,A/C.3/72/L.62,A/72/434,A/72/PV.73,Report of the Human Rights Council : resolution / adopted by the General Assembly,Report of the Human Rights Council.,UN. HUMAN RIGHTS COUNCIL--REPORTS,,123,2,58,10,193,193,draft,https://digitallibrary.un.org/record/1327541
1327553,A/RES/72/156,72,2017-12-19,2017,General Assembly,A/C.3/72/L.56/Rev.1,A/72/437,A/72/PV.73,"Combating glorification of Nazism, neo-Nazism and other practices that contribute to fuelling contemporary forms of racism, racial discrimination, xenophobia and related intolerance : resolution / adopted by the General Assembly","Elimination of racism, racial discrimination, xenophobia and related intolerance.",RACIAL DISCRIMINATION--ELIMINATION,,133,2,49,9,193,193,draft,https://digitallibrary.un.org/record/1327553
1327561,A/RES/72/157,72,2017-12-19,2017,General Assembly,A/C.3/72/L.63/Rev.1,A/72/437,A/72/PV.73,"A global call for concrete action for the total elimination of racism, racial discrimination, xenophobia and related intolerance and the comprehensive implementation of and follow-up to the Durban Declaration and Programme of Action : resolution / adopted by the General Assembly",Comprehensive implementation of and follow-up to the Durban Declaration and Programme of Action.,RACIAL DISCRIMINATION--PROGRAMMES OF ACTION,,133,10,43,7,193,193,draft,https://digitallibrary.un.org/record/1327561
1327558,A/RES/72/158,72,2017-12-19,2017,General Assembly,A/C.3/72/L.34,A/72/438,A/72/PV.73,Use of mercenaries as a means of violating human rights and impeding the exercise of the right of peoples to self-determination : resolution / adopted by the General Assembly,Right of peoples to self-determination.,SELF-DETERMINATION OF PEOPLES|MERCENARIES,,128,51,6,8,193,193,draft,https://digitallibrary.un.org/record/1327558
1327552,A/RES/72/160,72,2017-12-19,2017,General Assembly,A/C.3/72/L.59,A/72/438,A/72/PV.73,The right of the Palestinian people to self-determination : resolution / adopted by the General Assembly,Right of peoples to self-determination.,SELF-DETERMINATION OF PEOPLES,,176,7,4,6,193,193,draft,https://digitallibrary.un.org/record/1327552
1467690,A/RES/72/162,72,2017-12-19,2017,General Assembly,A/C.3/72/L.18/Rev.1,A/72/439/Add.1,A/72/PV.73,Implementation of the Convention on the Rights of Persons with Disabilities and the Optional Protocol thereto : situation of women and girls with disabilities : resolution / adopted by the General Assembly,Implementation of human rights instruments.,HUMAN RIGHTS--INTERNATIONAL INSTRUMENTS|PERSONS WITH DISABILITIES--HUMAN RIGHTS,,187,0,0,6,193,193,draft,https://digitallibrary.un.org/record/1467690
1327567,A/RES/72/164,72,2017-12-19,2017,General Assembly,A/C.3/72/L.23,A/72/439/Add.2,A/72/PV.73,Strengthening the role of the United Nations in enhancing periodic and genuine elections and the promotion of democratization : resolution / adopted by the General Assembly,"Human rights questions, including alternative approaches for improving the effective enjoyment of human rights and fundamental freedoms.",HUMAN RIGHTS ADVANCEMENT|ELECTION VERIFICATION--UN,,175,0,13,5,193,193,draft,https://digitallibrary.un.org/record/1327567
1327554,A/RES/72/166,72,2017-12-19,2017,General Assembly,A/C.3/72/L.25,A/72/439/Add.2,A/72/PV.73,United Nations Human Rights Training and Documentation Centre for South-West Asia and the Arab Region : resolution / adopted by the General Assembly,"Human rights questions, including alternative approaches for improving the effective enjoyment of human rights and fundamental freedoms.",HUMAN RIGHTS ADVANCEMENT|HUMAN RIGHTS INSTITUTIONS--SOUTHWEST ASIA AND ARAB COUNTRIES,,188,0,1,4,193,193,draft,https://digitallibrary.un.org/record/1327554
1327568,A/RES/72/167,72,2017-12-19,2017,General Assembly,A/C.3/72/L.26/Rev.1,A/72/439/Add.2,A/72/PV.73,The right to development : resolution / adopted by the General Assembly,"Human rights questions, including alternative approaches for improving the effective enjoyment of human rights and fundamental freedoms.",HUMAN RIGHTS ADVANCEMENT|RIGHT TO DEVELOPMENT,,140,10,38,5,193,193,draft,https://digitallibrary.un.org/record/1327568
1327557,A/RES/72/168,72,2017-12-19,2017,General Assembly,A/C.3/72/L.27,A/72/439/Add.2,A/72/PV.73,Human rights and unilateral coercive measures : resolution / adopted by the General Assembly,"Human rights questions, including alternative approaches for improving the effective enjoyment of human rights and fundamental freedoms.",HUMAN RIGHTS ADVANCEMENT|SANCTIONS--INTERNATIONAL RELATIONS,,134,53,0,6,193,193,draft,https://digitallibrary.un.org/record/1327557
1327549,A/RES/72/170,72,2017-12-19,2017,General Assembly,A/C.3/72/L.29/Rev.1,A/72/439/Add.2,A/72/PV.73,Human rights and cultural diversity : resolution / adopted by the General Assembly,"Human rights questions, including alternative approaches for improving the effective enjoyment of human rights and fundamental freedoms.",HUMAN RIGHTS ADVANCEMENT,,136,53,0,4,193,193,draft,https://digitallibrary.un.org/record/1327549
1327569,A/RES/72/172,72,2017-12-19,2017,General Assembly,A/C.3/72/L.31,A/72/439/Add.2,A/72/PV.73,Promotion of a democratic and equitable international order : resolution / adopted by the General Assembly,"Human rights questions, including alternative approaches for improving the effective enjoyment of human rights and fundamental freedoms.",HUMAN RIGHTS ADVANCEMENT|DEMOCRACY,,129,54,5,5,193,193,draft,https://digitallibrary.un.org/record/1327569
1327545,A/RES/72/173,72,2017-12-19,2017,General Assembly,A/C.3/72/L.32/Rev.1,A/72/439/Add.2,A/72/PV.73,The right to food : resolution / adopted by the General Assembly,"Human rights questions, including alternative approaches for improving the effective enjoyment of human rights and fundamental freedoms.",HUMAN RIGHTS ADVANCEMENT|RIGHT TO FOOD,,187,2,0,4,193,193,draft,https://digitallibrary.un.org/record/1327545
1327551,A/RES/72/174,72,2017-12-19,2017,General Assembly,A/C.3/72/L.33,A/72/439/Add.2,A/72/PV.73,Promotion of equitable geographical distribution in the membership of the human rights treaty bodies : resolution / adopted by the General Assembly,"Human rights questions, including alternative approaches for improving the effective enjoyment of human rights and fundamental freedoms.",HUMAN RIGHTS ADVANCEMENT,,134,52,0,7,193,193,draft,https://digitallibrary.un.org/record/1327551
1327544,A/RES/72/178,72,2017-12-19,2017,General Assembly,A/C.3/72/L.39/Rev.1,A/72/439/Add.2,A/72/PV.73,The human rights to safe drinking water and sanitation : resolution / adopted by the General Assembly,"Human rights questions, including alternative approaches for improving the effective enjoyment of human rights and fundamental freedoms.",HUMAN RIGHTS ADVANCEMENT|RIGHT TO DRINKING WATER,,183,1,2,7,193,193,draft,https://digitallibrary.un.org/record/1327544
1327566,A/RES/72/185,72,2017-12-19,2017,General Assembly,A/C.3/72/L.52,A/72/439/Add.2,A/72/PV.73,Globalization and its impact on the full enjoyment of all human rights : resolution / adopted by the General Assembly,"Human rights questions, including alternative approaches for improving the effective enjoyment of human rights and fundamental freedoms.",HUMAN RIGHTS ADVANCEMENT|GLOBALIZATION--HUMAN RIGHTS,,129,53,3,8,193,193,draft,https://digitallibrary.un.org/record/1327566
1327565,A/RES/72/189,72,2017-12-19,2017,General Assembly,A/C.3/72/L.41,A/72/439/Add.3,A/72/PV.73,Situation of human rights in the Islamic Republic of Iran : resolution / adopted by the General Assembly,Human rights situations and reports of special rapporteurs and representatives.,HUMAN RIGHTS--REPORTS|HUMAN RIGHTS--IRAN (ISLAMIC REPUBLIC OF),,81,30,70,12,193,193,draft,https://digitallibrary.un.org/record/1327565
1327572,A/RES/72/190,72,2017-12-19,2017,General Assembly,A/C.3/72/L.42,A/72/439/Add.3,A/72/PV.73,"Situation of human rights in the Autonomous Republic of Crimea and the city of Sevastopol, Ukraine : resolution / adopted by the General Assembly",Human rights situations and reports of special rapporteurs and representatives.,HUMAN RIGHTS--REPORTS|HUMAN RIGHTS--UKRAINE,,70,26,76,21,193,193,draft,https://digitallibrary.un.org/record/1327572
1327570,A/RES/72/191,72,2017-12-19,2017,General Assembly,A/C.3/72/L.54,A/72/439/Add.3,A/72/PV.73,Situation of human rights in the Syrian Arab Republic : resolution / adopted by the General Assembly,Human rights situations and reports of special rapporteurs and representatives.,HUMAN RIGHTS--REPORTS|HUMAN RIGHTS--SYRIAN ARAB REPUBLIC,,109,17,58,9,193,193,draft,https://digitallibrary.un.org/record/1327570
1468215,A/RES/72/245,72,2017-12-24,2017,General Assembly,A/C.3/72/L.21/Rev.1,A/72/435,A/72/PV.76,Rights of the child : resolution / adopted by the General Assembly,Promotion and protection of the rights of children.,RIGHTS OF THE CHILD,,162,0,1,30,193,193,draft,https://digitallibrary.un.org/record/1468215
1479518,A/RES/72/246,72,2017-12-24,2017,General Assembly,A/C.3/72/L.49/Rev.1,A/72/439/Add.2,A/72/PV.76,Effects of terrorism on the enjoyment of human rights : resolution / adopted by the General Assembly,"Human rights questions, including alternative approaches for improving the effective enjoyment of human rights and fundamental freedoms.",HUMAN RIGHTS ADVANCEMENT|TERRORISM--HUMAN RIGHTS,,95,1,58,39,193,193,draft,https://digitallibrary.un.org/record/1479518
1470211,A/RES/72/248,72,2017-12-24,2017,General Assembly,A/C.3/72/L.48,A/72/439/Add.3,A/72/PV.76,Situation of human rights in Myanmar : resolution / adopted by the General Assembly,Human rights situations and reports of special rapporteurs and representatives.,HUMAN RIGHTS--REPORTS|HUMAN RIGHTS--MYANMAR,,122,10,24,37,193,193,draft,https://digitallibrary.un.org/record/1470211
1656163,A/RES/73/141,73,2018-12-17,2018,General Assembly,A/C.3/73/L.17/Rev.1,A/73/581,A/73/PV.55,Implementation of the outcome of the World Summit for Social Development and of the 24th special session of the General Assembly : resolution / adopted by the General Assembly,Implementation of the outcome of the World Summit for Social Development and of the 24th special session of the General Assembly.,SOCIAL DEVELOPMENT--CONFERENCES,,188,3,0,2,193,193,draft,https://digitallibrary.un.org/record/1656163
1656165,A/RES/73/151,73,2018-12-17,2018,General Assembly,A/C.3/73/L.59,A/73/583,A/73/PV.55,Office of the United Nations High Commissioner for Refugees : resolution / adopted by the General Assembly,"Report of the United Nations High Commissioner for Refugees, questions relating to refugees, returnees and displaced persons and humanitarian questions.",UN HIGH COMMISSIONER FOR REFUGEES--REPORTS,,181,2,3,7,193,193,draft,https://digitallibrary.un.org/record/1656165
1656167,A/RES/73/152,73,2018-12-17,2018,General Assembly,A/C.3/73/L.56,A/73/584,A/73/PV.55,Report of the Human Rights Council : resolution / adopted by the General Assembly,Report of the Human Rights Council.,UN. HUMAN RIGHTS COUNCIL--REPORTS,,121,4,60,8,193,193,draft,https://digitallibrary.un.org/record/1656167
1656166,A/RES/73/157,73,2018-12-17,2018,General Assembly,A/C.3/73/L.53/Rev.1,A/73/587,A/73/PV.55,"Combating glorification of Nazism, neo-Nazism and other practices that contribute to fuelling contemporary forms of racism, racial discrimination, xenophobia and related intolerance : resolution / adopted by the General Assembly","Elimination of racism, racial discrimination, xenophobia and related intolerance.",RACIAL DISCRIMINATION--ELIMINATION,,129,2,54,8,193,193,draft,https://digitallibrary.un.org/record/1656166
1656164,A/RES/73/158,73,2018-12-17,2018,General Assembly,A/C.3/73/L.29,A/73/588,A/73/PV.55,The right of the Palestinian people to self-determination : resolution / adopted by the General Assembly,Right of peoples to self-determination.,SELF-DETERMINATION OF PEOPLES,,172,6,11,4,193,193,draft,https://digitallibrary.un.org/record/1656164
1656159,A/RES/73/159,73,2018-12-17,2018,General Assembly,A/C.3/73/L.37,A/73/588,A/73/PV.55,Use of mercenaries as a means of violating human rights and impeding the exercise of the right of peoples to self-determination : resolution / adopted by the General Assembly,Right of peoples to self-determination.,SELF-DETERMINATION OF PEOPLES|MERCENARIES,,129,53,10,1,193,193,draft,https://digitallibrary.un.org/record/1656159
1656160,A/RES/73/165,73,2018-12-17,2018,General Assembly,A/C.3/73/L.30,A/73/589/Add.2,A/73/PV.55,United Nations Declaration on the Rights of Peasants and Other People Working in Rural Areas : resolution / adopted by the General Assembly,"Human rights questions, including alternative approaches for improving the effective enjoyment of human rights and fundamental freedoms.",HUMAN RIGHTS ADVANCEMENT,,121,8,54,10,193,193,draft,https://digitallibrary.un.org/record/1656160
1656162,A/RES/73/166,73,2018-12-17,2018,General Assembly,A/C.3/73/L.31/Rev.1,A/73/589/Add.2,A/73/PV.55,The right to development : resolution / adopted by the General Assembly,"Human rights questions, including alternative approaches for improving the effective enjoyment of human rights and fundamental freedoms.",HUMAN RIGHTS ADVANCEMENT|RIGHT TO DEVELOPMENT,,148,11,32,2,193,193,draft,https://digitallibrary.un.org/record/1656162
1656170,A/RES/73/167,73,2018-12-17,2018,General Assembly,A/C.3/73/L.32,A/73/589/Add.2,A/73/PV.55,Human rights and unilateral coercive measures : resolution / adopted by the General Assembly,"Human rights questions, including alternative approaches for improving the effective enjoyment of human rights and fundamental freedoms.",HUMAN RIGHTS ADVANCEMENT|SANCTIONS--INTERNATIONAL RELATIONS,,133,53,3,4,193,193,draft,https://digitallibrary.un.org/record/1656170
1656157,A/RES/73/169,73,2018-12-17,2018,General Assembly,A/C.3/73/L.34,A/73/589/Add.2,A/73/PV.55,Promotion of a democratic and equitable international order : resolution / adopted by the General Assembly,"Human rights questions, including alternative approaches for improving the effective enjoyment of human rights and fundamental freedoms.",HUMAN RIGHTS ADVANCEMENT|DEMOCRACY,,131,53,7,2,193,193,draft,https://digitallibrary.un.org/record/1656157
1656158,A/RES/73/170,73,2018-12-17,2018,General Assembly,A/C.3/73/L.35,A/73/589/Add.2,A/73/PV.55,Promotion of peace as a vital requirement for the full enjoyment of all human rights by all : resolution / adopted by the General Assembly,"Human rights questions, including alternative approaches for improving the effective enjoyment of human rights and fundamental freedoms.",HUMAN RIGHTS ADVANCEMENT,,135,53,1,4,193,193,draft,https://digitallibrary.un.org/record/1656158
1656161,A/RES/73/171,73,2018-12-17,2018,General Assembly,A/C.3/73/L.36/Rev.1,A/73/589/Add.2,A/73/PV.55,The right to food : resolution / adopted by the General Assembly,"Human rights questions, including alternative approaches for improving the effective enjoyment of human rights and fundamental freedoms.",HUMAN RIGHTS ADVANCEMENT|RIGHT TO FOOD,,188,2,0,3,193,193,draft,https://digitallibrary.un.org/record/1656161
1656171,A/RES/73/172,73,2018-12-17,2018,General Assembly,A/C.3/73/L.39/Rev.1,A/73/589/Add.2,A/73/PV.55,"Extrajudicial, summary or arbitrary executions : resolution / adopted by the General Assembly","Human rights questions, including alternative approaches for improving the effective enjoyment of human rights and fundamental freedoms.",HUMAN RIGHTS ADVANCEMENT|SUMMARY EXECUTIONS,,125,0,60,8,193,193,draft,https://digitallibrary.un.org/record/1656171
1656168,A/RES/73/173,73,2018-12-17,2018,General Assembly,A/C.3/73/L.41/Rev.1,A/73/589/Add.2,A/73/PV.55,"Promotion and protection of human rights and fundamental freedoms, including the rights to peaceful assembly and freedom of association : resolution / adopted by the General Assembly","Human rights questions, including alternative approaches for improving the effective enjoyment of human rights and fundamental freedoms.",HUMAN RIGHTS ADVANCEMENT|RIGHT OF ASSEMBLY,,154,0,35,4,193,193,draft,https://digitallibrary.un.org/record/1656168
1656169,A/RES/73/175,73,2018-12-17,2018,General Assembly,A/C.3/73/L.44,A/73/589/Add.2,A/73/PV.55,Moratorium on the use of the death penalty : resolution / adopted by the General Assembly,"Human rights questions, including alternative approaches for improving the effective enjoyment of human rights and fundamental freedoms.",HUMAN RIGHTS ADVANCEMENT|CAPITAL PUNISHMENT,,121,35,32,5,193,193,draft,https://digitallibrary.un.org/record/1656169
1656197,A/RES/73/181,73,2018-12-17,2018,General Assembly,A/C.3/73/L.42,A/73/589/Add.3,A/73/PV.56,Situation of human rights in the Islamic Republic of Iran : resolution / adopted by the General Assembly,Human rights situations and reports of special rapporteurs and representatives.,HUMAN RIGHTS--REPORTS|HUMAN RIGHTS--IRAN (ISLAMIC REPUBLIC OF),,84,30,67,12,193,193,draft,https://digitallibrary.un.org/record/1656197
1656198,A/RES/73/182,73,2018-12-17,2018,General Assembly,A/C.3/73/L.50,A/73/589/Add.3,A/73/PV.56,Situation of human rights in the Syrian Arab Republic : resolution / adopted by the General Assembly,Human rights situations and reports of special rapporteurs and representatives.,HUMAN RIGHTS--REPORTS|HUMAN RIGHTS--SYRIAN ARAB REPUBLIC,,111,15,55,12,193,193,draft,https://digitallibrary.un.org/record/1656198
1656199,A/RES/73/187,73,2018-12-17,2018,General Assembly,A/C.3/73/L.9/Rev.1,A/73/590,A/73/PV.56,Countering the use of information and communications technologies for criminal purposes : resolution / adopted by the General Assembly,Crime prevention and criminal justice.,CRIME PREVENTION,,94,59,33,7,193,193,draft,https://digitallibrary.un.org/record/1656199
1657121,A/RES/73/262,73,2018-12-22,2018,General Assembly,A/C.3/73/L.52/Rev.1,A/73/587,A/73/PV.65,"A global call for concrete action for the total elimination of racism, racial discrimination, xenophobia and related intolerance and the comprehensive implementation of and follow-up to the Durban Declaration and Programme of Action : resolution / adopted by the General Assembly",Comprehensive implementation of and follow-up to the Durban Declaration and Programme of Action.,RACIAL DISCRIMINATION--PROGRAMMES OF ACTION,,120,11,41,21,193,193,draft,https://digitallibrary.un.org/record/1657121
1657118,A/RES/73/263,73,2018-12-22,2018,General Assembly,A/C.3/73/L.48,A/73/589/Add.3,A/73/PV.65,"Situation of human rights in the Autonomous Republic of Crimea and the city of Sevastopol, Ukraine : resolution / adopted by the General Assembly",Human rights situations and reports of special rapporteurs and representatives.,HUMAN RIGHTS--REPORTS|HUMAN RIGHTS--UKRAINE,,65,27,70,31,193,193,draft,https://digitallibrary.un.org/record/1657118
1657120,A/RES/73/264,73,2018-12-22,2018,General Assembly,A/C.3/73/L.51,A/73/589/Add.3,A/73/PV.65,Situation of human rights in Myanmar : resolution / adopted by the General Assembly,Human rights situations and reports of special rapporteurs and representatives.,HUMAN RIGHTS--REPORTS|HUMAN RIGHTS--MYANMAR,,136,8,22,27,193,193,draft,https://digitallibrary.un.org/record/1657120
3840119,A/RES/74/122,74,2019-12-18,2019,General Assembly,A/C.3/74/L.12/Rev.1,A/74/391,A/74/PV.50,Implementation of the outcome of the World Summit for Social Development and of the 24th special session of the General Assembly : resolution / adopted by the General Assembly,Implementation of the outcome of the World Summit for Social Development and of the 24th special session of the General Assembly.,SOCIAL DEVELOPMENT--CONFERENCES,,186,2,0,5,193,193,draft,https://digitallibrary.un.org/record/3840119
3840125,A/RES/74/130,74,2019-12-18,2019,General Assembly,A/C.3/74/L.59,A/74/393,A/74/PV.50,Office of the United Nations High Commissioner for Refugees : resolution / adopted by the General Assembly,"Report of the United Nations High Commissioner for Refugees, questions relating to refugees, returnees and displaced persons and humanitarian questions.",UN HIGH COMMISSIONER FOR REFUGEES--REPORTS,,179,2,5,7,193,193,draft,https://digitallibrary.un.org/record/3840125
3840131,A/RES/74/132,74,2019-12-18,2019,General Assembly,A/C.3/74/L.56,A/74/394,A/74/PV.50,Report of the Human Rights Council : resolution / adopted by the General Assembly,Report of the Human Rights Council.,UN. HUMAN RIGHTS COUNCIL--REPORTS,,120,4,59,10,193,193,draft,https://digitallibrary.un.org/record/3840131
3840130,A/RES/74/136,74,2019-12-18,2019,General Assembly,A/C.3/74/L.62,A/74/397,A/74/PV.50,"Combating glorification of Nazism, neo-Nazism and other practices that contribute to fuelling contemporary forms of racism, racial discrimination, xenophobia and related intolerance : resolution / adopted by the General Assembly","Elimination of racism, racial discrimination, xenophobia and related intolerance.",RACIAL DISCRIMINATION--ELIMINATION,,133,2,52,6,193,193,draft,https://digitallibrary.un.org/record/3840130
3840129,A/RES/74/137,74,2019-12-18,2019,General Assembly,A/C.3/74/L.60/Rev.1,A/74/397,A/74/PV.50,"A global call for concrete action for the total elimination of racism, racial discrimination, xenophobia and related intolerance and the comprehensive implementation of and follow-up to the Durban Declaration and Programme of Action : resolution / adopted by the General Assembly",Comprehensive implementation of and follow-up to the Durban Declaration and Programme of Action.,RACIAL DISCRIMINATION--PROGRAMMES OF ACTION,,135,9,43,6,193,193,draft,https://digitallibrary.un.org/record/3840129
3840128,A/RES/74/138,74,2019-12-18,2019,General Assembly,A/C.3/74/L.36,A/74/398,A/74/PV.50,Use of mercenaries as a means of violating human rights and impeding the exercise of the right of peoples to self-determination : resolution / adopted by the General Assembly,Right of peoples to self-determination.,SELF-DETERMINATION OF PEOPLES|MERCENARIES,,130,52,7,4,193,193,draft,https://digitallibrary.un.org/record/3840128
3840115,A/RES/74/139,74,2019-12-18,2019,General Assembly,A/C.3/74/L.58,A/74/398,A/74/PV.50,The right of the Palestinian people to self-determination : resolution / adopted by the General Assembly,Right of peoples to self-determination.,SELF-DETERMINATION OF PEOPLES,,167,5,11,10,193,193,draft,https://digitallibrary.un.org/record/3840115
3840127,A/RES/74/149,74,2019-12-18,2019,General Assembly,A/C.3/74/L.37/Rev.1,A/74/399/Add.2,A/74/PV.50,The right to food : resolution / adopted by the General Assembly,"Human rights questions, including alternative approaches for improving the effective enjoyment of human rights and fundamental freedoms.",HUMAN RIGHTS ADVANCEMENT|RIGHT TO FOOD,,188,2,0,3,193,193,draft,https://digitallibrary.un.org/record/3840127
3840124,A/RES/74/150,74,2019-12-18,2019,General Assembly,A/C.3/74/L.38,A/74/399/Add.2,A/74/PV.50,Promotion of a democratic and equitable international order : resolution / adopted by the General Assembly,"Human rights questions, including alternative approaches for improving the effective enjoyment of human rights and fundamental freedoms.",HUMAN RIGHTS ADVANCEMENT|DEMOCRACY,,128,53,8,4,193,193,draft,https://digitallibrary.un.org/record/3840124
3840121,A/RES/74/152,74,2019-12-18,2019,General Assembly,A/C.3/74/L.40/Rev.1,A/74/399/Add.2,A/74/PV.50,The right to development  : resolution / adopted by the General Assembly,"Human rights questions, including alternative approaches for improving the effective enjoyment of human rights and fundamental freedoms.",HUMAN RIGHTS ADVANCEMENT|RIGHT TO DEVELOPMENT,,138,23,26,6,193,193,draft,https://digitallibrary.un.org/record/3840121
3840120,A/RES/74/154,74,2019-12-18,2019,General Assembly,A/C.3/74/L.42,A/74/399/Add.2,A/74/PV.50,Human rights and unilateral coercive measures : resolution / adopted by the General Assembly,"Human rights questions, including alternative approaches for improving the effective enjoyment of human rights and fundamental freedoms.",HUMAN RIGHTS ADVANCEMENT|SANCTIONS--INTERNATIONAL RELATIONS,,135,55,0,3,193,193,draft,https://digitallibrary.un.org/record/3840120
3840122,A/RES/74/155,74,2019-12-18,2019,General Assembly,A/C.3/74/L.43,A/74/399/Add.2,A/74/PV.50,Promotion of equitable geographical distribution in the membership of the human rights treaty bodies : resolution / adopted by the General Assembly,"Human rights questions, including alternative approaches for improving the effective enjoyment of human rights and fundamental freedoms.",HUMAN RIGHTS ADVANCEMENT,,134,52,1,6,193,193,draft,https://digitallibrary.un.org/record/3840122
3840132,A/RES/74/159,74,2019-12-18,2019,General Assembly,A/C.3/74/L.47/Rev.1,A/74/399/Add.2,A/74/PV.50,Human rights and cultural diversity : resolution / adopted by the General Assembly,"Human rights questions, including alternative approaches for improving the effective enjoyment of human rights and fundamental freedoms.",HUMAN RIGHTS ADVANCEMENT,,136,55,0,2,193,193,draft,https://digitallibrary.un.org/record/3840132
3840123,A/RES/74/163,74,2019-12-18,2019,General Assembly,A/C.3/74/L.53/Rev.1,A/74/399/Add.2,A/74/PV.50,United Nations Human Rights Training and Documentation Centre for South-West Asia and the Arab Region : resolution / adopted by the General Assembly,"Human rights questions, including alternative approaches for improving the effective enjoyment of human rights and fundamental freedoms.",HUMAN RIGHTS ADVANCEMENT|HUMAN RIGHTS INSTITUTIONS--SOUTHWEST ASIA AND ARAB COUNTRIES,,187,1,2,3,193,193,draft,https://digitallibrary.un.org/record/3840123
3840116,A/RES/74/167,74,2019-12-18,2019,General Assembly,A/C.3/74/L.27,A/74/399/Add.3,A/74/PV.50,Situation of human rights in the Islamic Republic of Iran : resolution / adopted by the General Assembly,Human rights situations and reports of special rapporteurs and representatives.,HUMAN RIGHTS--REPORTS|HUMAN RIGHTS--IRAN (ISLAMIC REPUBLIC OF),,81,30,70,12,193,193,draft,https://digitallibrary.un.org/record/3840116
3840117,A/RES/74/168,74,2019-12-18,2019,General Assembly,A/C.3/74/L.28,A/74/399/Add.3,A/74/PV.50,"Situation of human rights in the Autonomous Republic of Crimea and the city of Sevastopol, Ukraine : resolution / adopted by the General Assembly",Human rights situations and reports of special rapporteurs and representatives.,HUMAN RIGHTS--REPORTS|HUMAN RIGHTS--UKRAINE,,65,23,83,22,193,193,draft,https://digitallibrary.un.org/record/3840117
3840118,A/RES/74/169,74,2019-12-18,2019,General Assembly,A/C.3/74/L.30/Rev.1,A/74/399/Add.3,A/74/PV.50,Situation of human rights in the Syrian Arab Republic : resolution / adopted by the General Assembly,Human rights situations and reports of special rapporteurs and representatives.,HUMAN RIGHTS--REPORTS|HUMAN RIGHTS--SYRIAN ARAB REPUBLIC,,106,15,57,15,193,193,draft,https://digitallibrary.un.org/record/3840118
3841021,A/RES/74/246,74,2019-12-27,2019,General Assembly,A/C.3/74/L.29,A/74/399/Add.3,A/74/PV.52,Situation of human rights of Rohingya Muslims and other minorities in Myanmar : resolution / adopted by the General Assembly,Human rights situations and reports of special rapporteurs and representatives.,HUMAN RIGHTS--REPORTS|HUMAN RIGHTS--MYANMAR,,134,9,28,22,193,193,draft,https://digitallibrary.un.org/record/3841021
3841023,A/RES/74/247,74,2019-12-27,2019,General Assembly,A/C.3/74/L.11/Rev.1,A/74/401,A/74/PV.52,Countering the use of information and communications technologies for criminal purposes : resolution / adopted by the General Assembly,Countering the use of information and communications technologies for criminal purposes.,CYBERCRIME,,79,60,33,21,193,193,draft,https://digitallibrary.un.org/record/3841023
3894839,A/RES/75/151,75,2020-12-16,2020,General Assembly,A/C.3/75/L.7/Rev.1,A/75/470,A/75/PV.46,Implementation of the outcome of the World Summit for Social Development and of the 24th special session of the General Assembly : resolution / adopted by the General Assembly,Implementation of the outcome of the World Summit for Social Development and of the 24th special session of the General Assembly.,SOCIAL DEVELOPMENT--CONFERENCES,,183,2,0,8,193,193,draft,https://digitallibrary.un.org/record/3894839
3894838,A/RES/75/161,75,2020-12-16,2020,General Assembly,A/C.3/75/L.19/Rev.1,A/75/471,A/75/PV.46,Intensification of efforts to prevent and eliminate all forms of violence against women and girls : resolution / adopted by the General Assembly,Advancement of women.,WOMEN'S ADVANCEMENT,,175,0,11,7,193,193,draft,https://digitallibrary.un.org/record/3894838
3894842,A/RES/75/163,75,2020-12-16,2020,General Assembly,A/C.3/75/L.48,A/75/472,A/75/PV.46,Office of the United Nations High Commissioner for Refugees : resolution / adopted by the General Assembly,"Report of the United Nations High Commissioner for Refugees, questions relating to refugees, returnees and displaced persons and humanitarian questions.",UN HIGH COMMISSIONER FOR REFUGEES--REPORTS,,181,0,7,5,193,193,draft,https://digitallibrary.un.org/record/3894842
3894840,A/RES/75/165,75,2020-12-16,2020,General Assembly,A/C.3/75/L.44,A/75/473,A/75/PV.46,Report of the Human Rights Council : resolution / adopted by the General Assembly,Report of the Human Rights Council.,UN. HUMAN RIGHTS COUNCIL--REPORTS,,119,3,60,11,193,193,draft,https://digitallibrary.un.org/record/3894840
3894841,A/RES/75/169,75,2020-12-16,2020,General Assembly,A/C.3/75/L.49,A/75/476,A/75/PV.46,"Combating glorification of Nazism, neo-Nazism and other practices that contribute to fuelling contemporary forms of racism, racial discrimination, xenophobia and related intolerance : resolution / adopted by the General Assembly","Elimination of racism, racial discrimination, xenophobia and related intolerance.",RACIAL DISCRIMINATION--ELIMINATION,,130,2,51,10,193,193,draft,https://digitallibrary.un.org/record/3894841
3894845,A/RES/75/171,75,2020-12-16,2020,General Assembly,A/C.3/75/L.24,A/75/477,A/75/PV.46,Use of mercenaries as a means of violating human rights and impeding the exercise of the right of peoples to self-determination : resolution / adopted by the General Assembly,Right of peoples to self-determination.,SELF-DETERMINATION OF PEOPLES|MERCENARIES,,126,54,6,7,193,193,draft,https://digitallibrary.un.org/record/3894845
3894844,A/RES/75/172,75,2020-12-16,2020,General Assembly,A/C.3/75/L.45,A/75/477,A/75/PV.46,The right of the Palestinian people to self-determination : resolution / adopted by the General Assembly,Right of peoples to self-determination.,SELF-DETERMINATION OF PEOPLES,,168,5,10,10,193,193,draft,https://digitallibrary.un.org/record/3894844
3894843,A/RES/75/177,75,2020-12-16,2020,General Assembly,A/C.3/75/L.23,A/75/478/Add.2,A/75/PV.46,Promotion of peace as a vital requirement for the full enjoyment of all human rights by all : resolution / adopted by the General Assembly,"Human rights questions, including alternative approaches for improving the effective enjoyment of human rights and fundamental freedoms.",HUMAN RIGHTS ADVANCEMENT,,130,55,1,7,193,193,draft,https://digitallibrary.un.org/record/3894843
3894848,A/RES/75/178,75,2020-12-16,2020,General Assembly,A/C.3/75/L.25,A/75/478/Add.2,A/75/PV.46,Promotion of a democratic and equitable international order : resolution / adopted by the General Assembly,"Human rights questions, including alternative approaches for improving the effective enjoyment of human rights and fundamental freedoms.",HUMAN RIGHTS ADVANCEMENT|DEMOCRACY,,125,55,8,5,193,193,draft,https://digitallibrary.un.org/record/3894848
3894847,A/RES/75/179,75,2020-12-16,2020,General Assembly,A/C.3/75/L.26,A/75/478/Add.2,A/75/PV.46,The right to food : resolution / adopted by the General Assembly,"Human rights questions, including alternative approaches for improving the effective enjoyment of human rights and fundamental freedoms.",HUMAN RIGHTS ADVANCEMENT|RIGHT TO FOOD,,187,2,0,4,193,193,draft,https://digitallibrary.un.org/record/3894847
3894846,A/RES/75/181,75,2020-12-16,2020,General Assembly,A/C.3/75/L.28,A/75/478/Add.2,A/75/PV.46,Human rights and unilateral coercive measures : resolution / adopted by the General Assembly,"Human rights questions, including alternative approaches for improving the effective enjoyment of human rights and fundamental freedoms.",HUMAN RIGHTS ADVANCEMENT|SANCTIONS--INTERNATIONAL RELATIONS,,131,56,0,6,193,193,draft,https://digitallibrary.un.org/record/3894846
3894869,A/RES/75/182,75,2020-12-16,2020,General Assembly,A/C.3/75/L.29,A/75/478/Add.2,A/75/PV.46,The right to development : resolution / adopted by the General Assembly,"Human rights questions, including alternative approaches for improving the effective enjoyment of human rights and fundamental freedoms.",HUMAN RIGHTS ADVANCEMENT|RIGHT TO DEVELOPMENT,,135,24,29,5,193,193,draft,https://digitallibrary.un.org/record/3894869
3894866,A/RES/75/183,75,2020-12-16,2020,General Assembly,A/C.3/75/L.41,A/75/478/Add.2,A/75/PV.46,Moratorium on the use of the death penalty : resolution / adopted by the General Assembly,"Human rights questions, including alternative approaches for improving the effective enjoyment of human rights and fundamental freedoms.",HUMAN RIGHTS ADVANCEMENT|CAPITAL PUNISHMENT,,123,38,24,8,193,193,draft,https://digitallibrary.un.org/record/3894866
3894868,A/RES/75/189,75,2020-12-16,2020,General Assembly,A/C.3/75/L.37,A/75/478/Add.2,A/75/PV.46,"Extrajudicial, summary or arbitrary executions : resolution / adopted by the General Assembly","Human rights questions, including alternative approaches for improving the effective enjoyment of human rights and fundamental freedoms.",HUMAN RIGHTS ADVANCEMENT|SUMMARY EXECUTIONS,,132,0,53,8,193,193,draft,https://digitallibrary.un.org/record/3894868
3894863,A/RES/75/191,75,2020-12-16,2020,General Assembly,A/C.3/75/L.31/Rev.1,A/75/478/Add.3,A/75/PV.46,Situation of human rights in the Islamic Republic of Iran : resolution / adopted by the General Assembly,Human rights situations and reports of special rapporteurs and representatives.,HUMAN RIGHTS--REPORTS|HUMAN RIGHTS--IRAN (ISLAMIC REPUBLIC OF),,82,30,64,17,193,193,draft,https://digitallibrary.un.org/record/3894863
3894858,A/RES/75/192,75,2020-12-16,2020,General Assembly,A/C.3/75/L.32,A/75/478/Add.3,A/75/PV.46,"Situation of human rights in the Autonomous Republic of Crimea and the city of Sevastopol, Ukraine : resolution / adopted by the General Assembly",Human rights situations and reports of special rapporteurs and representatives.,HUMAN RIGHTS--REPORTS|HUMAN RIGHTS--UKRAINE,,64,23,86,20,193,193,draft,https://digitallibrary.un.org/record/3894858
3896183,A/RES/75/237,75,2020-12-31,2020,General Assembly,A/C.3/75/L.50/Rev.1,A/75/476,A/75/PV.48(Resumption1),"A global call for concrete action for the elimination of racism, racial discrimination, xenophobia and related intolerance and the comprehensive implementation of and follow-up to the Durban Declaration and Programme of Action : resolution / adopted by the General Assembly",Comprehensive implementation of and follow-up to the Durban Declaration and Programme of Action.,RACIAL DISCRIMINATION--PROGRAMMES OF ACTION,,106,14,44,29,193,193,draft,https://digitallibrary.un.org/record/3896183
3896181,A/RES/75/238,75,2020-12-31,2020,General Assembly,A/C.3/75/L.34,A/75/478/Add.3,A/75/PV.48(Resumption1),Situation of human rights of Rohingya Muslims and other minorities in Myanmar : resolution / adopted by the General Assembly,Human rights situations and reports of special rapporteurs and representatives.,HUMAN RIGHTS--REPORTS|HUMAN RIGHTS--MYANMAR,,130,9,26,28,193,193,draft,https://digitallibrary.un.org/record/3896181
3951471,A/RES/76/134,76,2021-12-16,2021,General Assembly,A/C.3/76/L.19/Rev.1,A/76/454,A/76/PV.53,Implementation of the outcome of the World Summit for Social Development and of the 24th special session of the General Assembly : resolution / adopted by the General Assembly,Implementation of the outcome of the World Summit for Social Development and of the 24th special session of the General Assembly.,SOCIAL DEVELOPMENT--CONFERENCES,,184,2,0,7,193,193,draft,https://digitallibrary.un.org/record/3951471
3951469,A/RES/76/143,76,2021-12-16,2021,General Assembly,A/C.3/76/L.59,A/76/456,A/76/PV.53,Office of the United Nations High Commissioner for Refugees : resolution / adopted by the General Assembly,"Report of the United Nations High Commissioner for Refugees, questions relating to refugees, returnees and displaced persons and humanitarian questions.",UN HIGH COMMISSIONER FOR REFUGEES--REPORTS,,180,0,5,8,193,193,draft,https://digitallibrary.un.org/record/3951469
3951470,A/RES/76/145,76,2021-12-16,2021,General Assembly,A/C.3/76/L.62,A/76/457,A/76/PV.53,Report of the Human Rights Council : resolution / adopted by the General Assembly,Report of the Human Rights Council.,UN. HUMAN RIGHTS COUNCIL--REPORTS,,118,2,61,12,193,193,draft,https://digitallibrary.un.org/record/3951470
3951466,A/RES/76/149,76,2021-12-16,2021,General Assembly,A/C.3/76/L.57/Rev.1,A/76/460,A/76/PV.53,"Combating glorification of Nazism, neo-Nazism and other practices that contribute to fuelling contemporary forms of racism, racial discrimination, xenophobia and related intolerance : resolution / adopted by the General Assembly","Elimination of racism, racial discrimination, xenophobia and related intolerance.",RACIAL DISCRIMINATION--ELIMINATION,,130,2,49,12,193,193,draft,https://digitallibrary.un.org/record/3951466
3951467,A/RES/76/150,76,2021-12-16,2021,General Assembly,A/C.3/76/L.46,A/76/461,A/76/PV.53,The right of the Palestinian people to self-determination : resolution / adopted by the General Assembly,Right of peoples to self-determination.,SELF-DETERMINATION OF PEOPLES,,168,5,10,10,193,193,draft,https://digitallibrary.un.org/record/3951467
3951468,A/RES/76/151,76,2021-12-16,2021,General Assembly,A/C.3/76/L.42,A/76/461,A/76/PV.53,Use of mercenaries as a means of violating human rights and impeding the exercise of the right of peoples to self-determination : resolution / adopted by the General Assembly,Right of peoples to self-determination.,SELF-DETERMINATION OF PEOPLES|MERCENARIES,,128,52,6,7,193,193,draft,https://digitallibrary.un.org/record/3951468
3951463,A/RES/76/155,76,2021-12-16,2021,General Assembly,A/C.3/76/L.35,A/76/462/Add.2,A/76/PV.53,United Nations Human Rights Training and Documentation Centre for South-West Asia and the Arab Region : resolution / adopted by the General Assembly,"Human rights questions, including alternative approaches for improving the effective enjoyment of human rights and fundamental freedoms.",HUMAN RIGHTS ADVANCEMENT|HUMAN RIGHTS INSTITUTIONS--SOUTHWEST ASIA AND ARAB COUNTRIES,,185,1,1,6,193,193,draft,https://digitallibrary.un.org/record/3951463
3951464,A/RES/76/160,76,2021-12-16,2021,General Assembly,A/C.3/76/L.38,A/76/462/Add.2,A/76/PV.53,Promotion of equitable geographical distribution in the membership of the human rights treaty bodies : resolution / adopted by the General Assembly,"Human rights questions, including alternative approaches for improving the effective enjoyment of human rights and fundamental freedoms.",HUMAN RIGHTS ADVANCEMENT,,130,52,0,11,193,193,draft,https://digitallibrary.un.org/record/3951464
3951465,A/RES/76/161,76,2021-12-16,2021,General Assembly,A/C.3/76/L.39,A/76/462/Add.2,A/76/PV.53,Human rights and unilateral coercive measures : resolution / adopted by the General Assembly,"Human rights questions, including alternative approaches for improving the effective enjoyment of human rights and fundamental freedoms.",HUMAN RIGHTS ADVANCEMENT|SANCTIONS--INTERNATIONAL RELATIONS,,131,54,0,8,193,193,draft,https://digitallibrary.un.org/record/3951465
3951459,A/RES/76/162,76,2021-12-16,2021,General Assembly,A/C.3/76/L.40,A/76/462/Add.2,A/76/PV.53,Human rights and cultural diversity : resolution / adopted by the General Assembly,"Human rights questions, including alternative approaches for improving the effective enjoyment of human rights and fundamental freedoms.",HUMAN RIGHTS ADVANCEMENT,,131,55,0,7,193,193,draft,https://digitallibrary.un.org/record/3951459
3951460,A/RES/76/163,76,2021-12-16,2021,General Assembly,A/C.3/76/L.41,A/76/462/Add.2,A/76/PV.53,The right to development : resolution / adopted by the General Assembly,"Human rights questions, including alternative approaches for improving the effective enjoyment of human rights and fundamental freedoms.",HUMAN RIGHTS ADVANCEMENT|RIGHT TO DEVELOPMENT,,131,24,29,9,193,193,draft,https://digitallibrary.un.org/record/3951460
3951461,A/RES/76/165,76,2021-12-16,2021,General Assembly,A/C.3/76/L.44,A/76/462/Add.2,A/76/PV.53,Promotion of a democratic and equitable international order : resolution / adopted by the General Assembly,"Human rights questions, including alternative approaches for improving the effective enjoyment of human rights and fundamental freedoms.",HUMAN RIGHTS ADVANCEMENT|DEMOCRACY,,124,54,9,6,193,193,draft,https://digitallibrary.un.org/record/3951461
3951462,A/RES/76/166,76,2021-12-16,2021,General Assembly,A/C.3/76/L.47,A/76/462/Add.2,A/76/PV.53,The right to food : resolution / adopted by the General Assembly,"Human rights questions, including alternative approaches for improving the effective enjoyment of human rights and fundamental freedoms.",HUMAN RIGHTS ADVANCEMENT|RIGHT TO FOOD,,186,2,0,5,193,193,draft,https://digitallibrary.un.org/record/3951462
3951456,A/RES/76/175,76,2021-12-16,2021,General Assembly,A/C.3/76/L.55/Rev.1,A/76/462/Add.2,A/76/PV.53,"Ensuring equitable, affordable, timely and universal access for all countries to vaccines in response to the coronavirus disease (COVID-19) pandemic : resolution / adopted by the General Assembly","Human rights questions, including alternative approaches for improving the effective enjoyment of human rights and fundamental freedoms.",HUMAN RIGHTS ADVANCEMENT,,179,0,7,7,193,193,draft,https://digitallibrary.un.org/record/3951456
3951457,A/RES/76/178,76,2021-12-16,2021,General Assembly,A/C.3/76/L.28,A/76/462/Add.3,A/76/PV.53,Situation of human rights in the Islamic Republic of Iran : resolution / adopted by the General Assembly,Human rights situations and reports of special rapporteurs and representatives.,HUMAN RIGHTS--REPORTS|HUMAN RIGHTS--IRAN (ISLAMIC REPUBLIC OF),,78,31,69,15,193,193,draft,https://digitallibrary.un.org/record/3951457
3951458,A/RES/76/179,76,2021-12-16,2021,General Assembly,A/C.3/76/L.29,A/76/462/Add.3,A/76/PV.53,"Situation of human rights in the temporarily occupied Autonomous Republic of Crimea and the city of Sevastopol, Ukraine : resolution / adopted by the General Assembly",Human rights situations and reports of special rapporteurs and representatives.,HUMAN RIGHTS--REPORTS|HUMAN RIGHTS--UKRAINE,,65,25,85,18,193,193,draft,https://digitallibrary.un.org/record/3951458
3952171,A/RES/76/226,76,2021-12-24,2021,General Assembly,A/C.3/76/L.61/Rev.1,A/76/460,A/76/PV.54,"A global call for concrete action for the elimination of racism, racial discrimination, xenophobia and related intolerance and the comprehensive implementation of and follow-up to the Durban Declaration and Programme of Action : resolution / adopted by the General Assembly",Comprehensive implementation of and follow-up to the Durban Declaration and Programme of Action.,RACIAL DISCRIMINATION--PROGRAMMES OF ACTION,,112,16,37,28,193,193,draft,https://digitallibrary.un.org/record/3952171
3952169,A/RES/76/228,76,2021-12-24,2021,General Assembly,A/C.3/76/L.31/Rev.1,A/76/462/Add.3,A/76/PV.54,Situation of human rights in the Syrian Arab Republic : resolution / adopted by the General Assembly,Human rights situations and reports of special rapporteurs and representatives.,HUMAN RIGHTS--REPORTS|HUMAN RIGHTS--SYRIAN ARAB REPUBLIC,,93,16,52,32,193,193,draft,https://digitallibrary.un.org/record/3952169
3997770,A/RES/77/193,77,2022-12-15,2022,General Assembly,A/C.3/77/L.21/Rev.1,A/77/456,A/77/PV.54,Intensification of efforts to prevent and eliminate all forms of violence against women and girls: gender stereotypes and negative social norms : resolution / adopted by the General Assembly,Advancement of women.,WOMEN'S ADVANCEMENT,,170,1,8,14,193,193,draft,https://digitallibrary.un.org/record/3997770
3997771,A/RES/77/200,77,2022-12-15,2022,General Assembly,A/C.3/77/L.53,A/77/458,A/77/PV.54,Report of the Human Rights Council : resolution / adopted by the General Assembly,Report of the Human Rights Council.,UN. HUMAN RIGHTS COUNCIL--REPORTS,,115,3,59,16,193,193,draft,https://digitallibrary.un.org/record/3997771
3997769,A/RES/77/204,77,2022-12-15,2022,General Assembly,A/C.3/77/L.5,A/77/461,A/77/PV.54,"Combating glorification of Nazism, neo-Nazism and other practices that contribute to fuelling contemporary forms of racism, racial discrimination, xenophobia and related intolerance : resolution / adopted by the General Assembly","Elimination of racism, racial discrimination, xenophobia and related intolerance.",RACIAL DISCRIMINATION--ELIMINATION,,120,50,10,13,193,193,draft,https://digitallibrary.un.org/record/3997769
3997760,A/RES/77/205,77,2022-12-15,2022,General Assembly,A/C.3/77/L.23/Rev.1,A/77/461,A/77/PV.54,"A global call for concrete action for the elimination of racism, racial discrimination, xenophobia and related intolerance and the comprehensive implementation of and follow-up to the Durban Declaration and Programme of Action : resolution / adopted by the General Assembly",Comprehensive implementation of and follow-up to the Durban Declaration and Programme of Action.,RACIAL DISCRIMINATION--PROGRAMMES OF ACTION,,129,17,36,11,193,193,draft,https://digitallibrary.un.org/record/3997760
3997750,A/RES/77/206,77,2022-12-15,2022,General Assembly,A/C.3/77/L.30,A/77/462,A/77/PV.54,Use of mercenaries as a means of violating human rights and impeding the exercise of the right of peoples to self-determination : resolution / adopted by the General Assembly,Right of peoples to self-determination.,SELF-DETERMINATION OF PEOPLES|MERCENARIES,,130,52,4,7,193,193,draft,https://digitallibrary.un.org/record/3997750
3997749,A/RES/77/208,77,2022-12-15,2022,General Assembly,A/C.3/77/L.50,A/77/462,A/77/PV.54,The right of the Palestinian people to self-determination : resolution / adopted by the General Assembly,Right of peoples to self-determination.,SELF-DETERMINATION OF PEOPLES,,167,6,9,11,193,193,draft,https://digitallibrary.un.org/record/3997749
3997748,A/RES/77/212,77,2022-12-15,2022,General Assembly,A/C.3/77/L.24,A/77/463/Add.2,A/77/PV.54,The right to development : resolution / adopted by the General Assembly,"Human rights questions, including alternative approaches for improving the effective enjoyment of human rights and fundamental freedoms.",HUMAN RIGHTS ADVANCEMENT|RIGHT TO DEVELOPMENT,,132,25,28,8,193,193,draft,https://digitallibrary.un.org/record/3997748
3997744,A/RES/77/214,77,2022-12-15,2022,General Assembly,A/C.3/77/L.26,A/77/463/Add.2,A/77/PV.54,Human rights and unilateral coercive measures : resolution / adopted by the General Assembly,"Human rights questions, including alternative approaches for improving the effective enjoyment of human rights and fundamental freedoms.",HUMAN RIGHTS ADVANCEMENT|SANCTIONS--INTERNATIONAL RELATIONS,,130,53,1,9,193,193,draft,https://digitallibrary.un.org/record/3997744
3997741,A/RES/77/215,77,2022-12-15,2022,General Assembly,A/C.3/77/L.27,A/77/463/Add.2,A/77/PV.54,Promotion of a democratic and equitable international order : resolution / adopted by the General Assembly,"Human rights questions, including alternative approaches for improving the effective enjoyment of human rights and fundamental freedoms.",HUMAN RIGHTS ADVANCEMENT|DEMOCRACY,,122,54,10,7,193,193,draft,https://digitallibrary.un.org/record/3997741
3997738,A/RES/77/216,77,2022-12-15,2022,General Assembly,A/C.3/77/L.28,A/77/463/Add.2,A/77/PV.54,Promotion of peace as a vital requirement for the full enjoyment of all human rights by all : resolution / adopted by the General Assembly,"Human rights questions, including alternative approaches for improving the effective enjoyment of human rights and fundamental freedoms.",HUMAN RIGHTS ADVANCEMENT,,131,53,1,8,193,193,draft,https://digitallibrary.un.org/record/3997738
3997731,A/RES/77/218,77,2022-12-15,2022,General Assembly,A/C.3/77/L.42,A/77/463/Add.2,A/77/PV.54,"Extrajudicial, summary or arbitrary executions : resolution / adopted by the General Assembly","Human rights questions, including alternative approaches for improving the effective enjoyment of human rights and fundamental freedoms.",HUMAN RIGHTS ADVANCEMENT|SUMMARY EXECUTIONS,,133,0,44,16,193,193,draft,https://digitallibrary.un.org/record/3997731
3997726,A/RES/77/222,77,2022-12-15,2022,General Assembly,A/C.3/77/L.44/Rev.1,A/77/463/Add.2,A/77/PV.54,Moratorium on the use of the death penalty : resolution / adopted by the General Assembly,"Human rights questions, including alternative approaches for improving the effective enjoyment of human rights and fundamental freedoms.",HUMAN RIGHTS ADVANCEMENT|CAPITAL PUNISHMENT,,125,37,22,9,193,193,draft,https://digitallibrary.un.org/record/3997726
3997720,A/RES/77/228,77,2022-12-15,2022,General Assembly,A/C.3/77/L.34,A/77/463/Add.3,A/77/PV.54,Situation of human rights in the Islamic Republic of Iran : resolution / adopted by the General Assembly,Human rights situations and reports of special rapporteurs and representatives.,HUMAN RIGHTS--REPORTS|HUMAN RIGHTS--IRAN (ISLAMIC REPUBLIC OF),,80,29,65,19,193,193,draft,https://digitallibrary.un.org/record/3997720
3997713,A/RES/77/229,77,2022-12-15,2022,General Assembly,A/C.3/77/L.35,A/77/463/Add.3,A/77/PV.54,"Situation of human rights in the temporarily occupied Autonomous Republic of Crimea and the city of Sevastopol, Ukraine  : resolution / adopted by the General Assembly",Human rights situations and reports of special rapporteurs and representatives.,HUMAN RIGHTS--REPORTS|HUMAN RIGHTS--UKRAINE,,82,14,80,17,193,193,draft,https://digitallibrary.un.org/record/3997713
3997710,A/RES/77/230,77,2022-12-15,2022,General Assembly,A/C.3/77/L.36/Rev.1,A/77/463/Add.3,A/77/PV.54,Situation of human rights in the Syrian Arab Republic : resolution / adopted by the General Assembly,Human rights situations and reports of special rapporteurs and representatives.,HUMAN RIGHTS--REPORTS|HUMAN RIGHTS--SYRIAN ARAB REPUBLIC,,92,14,71,16,193,193,draft,https://digitallibrary.un.org/record/3997710
3997709,A/RES/77/238,77,2022-12-15,2022,General Assembly,A/C.3/77/L.13/Rev.1,A/77/466,A/77/PV.54,"Addressing and countering the world drug problem through a comprehensive, integrated and balanced approach : resolution / adopted by the General Assembly",International drug control.,NARCOTIC DRUGS,,124,9,45,15,193,193,draft,https://digitallibrary.un.org/record/3997709
4030710,A/RES/78/183 A,78,2023-12-19,2023,General Assembly,A/C.3/78/L.26,A/78/474,A/78/PV.50,Enlargement of the Executive Committee of the Programme of the United Nations High Commissioner for Refugees : resolution / adopted by the General Assembly,"Report of the United Nations High Commissioner for Refugees, questions relating to refugees, returnees and displaced persons and humanitarian questions.",UN HIGH COMMISSIONER FOR REFUGEES--REPORTS,,128,1,46,18,193,193,draft,https://digitallibrary.un.org/record/4030710
4030708,A/RES/78/186,78,2023-12-19,2023,General Assembly,A/C.3/78/L.64,A/78/475,A/78/PV.50,Report of the Human Rights Council : resolution / adopted by the General Assembly,Report of the Human Rights Council.,UN. HUMAN RIGHTS COUNCIL--REPORTS,,112,4,64,13,193,193,draft,https://digitallibrary.un.org/record/4030708
4030705,A/RES/78/190,78,2023-12-19,2023,General Assembly,A/C.3/78/L.7,A/78/478,A/78/PV.50,"Combating glorification of Nazism, neo-Nazism and other practices that contribute to fueling contemporary forms of racism, racial discrimination, xenophobia and related intolerance : resolution / adopted by the General Assembly","Elimination of racism, racial discrimination, xenophobia and related intolerance.",RACIAL DISCRIMINATION--ELIMINATION,,118,49,14,12,193,193,draft,https://digitallibrary.un.org/record/4030705
4030704,A/RES/78/191,78,2023-12-19,2023,General Assembly,A/C.3/78/L.29,A/78/479,A/78/PV.50,Use of mercenaries as a means of violating human rights and impeding the exercise of the right of peoples to self-determination : resolution / adopted by the General Assembly,Right of peoples to self-determination.,SELF-DETERMINATION OF PEOPLES|MERCENARIES,,129,52,6,6,193,193,draft,https://digitallibrary.un.org/record/4030704
4030703,A/RES/78/192,78,2023-12-19,2023,General Assembly,A/C.3/78/L.24,A/78/479,A/78/PV.50,The right of the Palestinian people to self-determination : resolution / adopted by the General Assembly,Right of peoples to self-determination.,SELF-DETERMINATION OF PEOPLES,,172,4,10,7,193,193,draft,https://digitallibrary.un.org/record/4030703
4030702,A/RES/78/196,78,2023-12-19,2023,General Assembly,A/C.3/78/L.32,A/78/481/Add.2,A/78/PV.50,Promotion of a democratic and equitable international order : resolution / adopted by the General Assembly,"Human rights questions, including alternative approaches for improving the effective enjoyment of human rights and fundamental freedoms.",HUMAN RIGHTS ADVANCEMENT|DEMOCRACY,,125,54,6,8,193,193,draft,https://digitallibrary.un.org/record/4030702
4030701,A/RES/78/200,78,2023-12-19,2023,General Assembly,A/C.3/78/L.38,A/78/481/Add.2,A/78/PV.50,Promotion of equitable geographical distribution in the membership of the human rights treaty bodies : resolution / adopted by the General Assembly,"Human rights questions, including alternative approaches for improving the effective enjoyment of human rights and fundamental freedoms.",HUMAN RIGHTS ADVANCEMENT,,131,53,0,9,193,193,draft,https://digitallibrary.un.org/record/4030701
4030700,A/RES/78/201,78,2023-12-19,2023,General Assembly,A/C.3/78/L.44,A/78/481/Add.2,A/78/PV.50,Human rights and cultural diversity : resolution / adopted by the General Assembly,"Human rights questions, including alternative approaches for improving the effective enjoyment of human rights and fundamental freedoms.",HUMAN RIGHTS ADVANCEMENT,,132,54,1,6,193,193,draft,https://digitallibrary.un.org/record/4030700
4030699,A/RES/78/202,78,2023-12-19,2023,General Assembly,A/C.3/78/L.45,A/78/481/Add.2,A/78/PV.50,Human rights and unilateral coercive measures : resolution / adopted by the General Assembly,"Human rights questions, including alternative approaches for improving the effective enjoyment of human rights and fundamental freedoms.",HUMAN RIGHTS ADVANCEMENT|SANCTIONS--INTERNATIONAL RELATIONS,,131,53,0,9,193,193,draft,https://digitallibrary.un.org/record/4030699
4030698,A/RES/78/203,78,2023-12-19,2023,General Assembly,A/C.3/78/L.46,A/78/481/Add.2,A/78/PV.50,The right to development : resolution / adopted by the General Assembly,"Human rights questions, including alternative approaches for improving the effective enjoyment of human rights and fundamental freedoms.",HUMAN RIGHTS ADVANCEMENT|RIGHT TO DEVELOPMENT,,133,26,27,7,193,193,draft,https://digitallibrary.un.org/record/4030698
4030718,A/RES/78/208,78,2023-12-19,2023,General Assembly,A/C.3/78/L.51,A/78/481/Add.2,A/78/PV.50,Strengthening the role of the United Nations in the promotion of democratization and enhancing periodic and genuine elections : resolution / adopted by the General Assembly,"Human rights questions, including alternative approaches for improving the effective enjoyment of human rights and fundamental freedoms.",HUMAN RIGHTS ADVANCEMENT|ELECTION VERIFICATION--UN,,155,0,25,13,193,193,draft,https://digitallibrary.un.org/record/4030718
4030717,A/RES/78/209,78,2023-12-19,2023,General Assembly,A/C.3/78/L.57,A/78/481/Add.2,A/78/PV.50,United Nations Human Rights Training and Documentation Centre for South-West Asia and the Arab Region : resolution / adopted by the General Assembly,"Human rights questions, including alternative approaches for improving the effective enjoyment of human rights and fundamental freedoms.",HUMAN RIGHTS ADVANCEMENT|HUMAN RIGHTS INSTITUTIONS--SOUTHWEST ASIA AND ARAB COUNTRIES,,185,0,2,6,193,193,draft,https://digitallibrary.un.org/record/4030717
4030716,A/RES/78/220,78,2023-12-19,2023,General Assembly,A/C.3/78/L.41,A/78/481/Add.3,A/78/PV.50,Situation of human rights in the Islamic Republic of Iran : resolution / adopted by the General Assembly,Human rights situations and reports of special rapporteurs and representatives.,HUMAN RIGHTS--REPORTS|HUMAN RIGHTS--IRAN (ISLAMIC REPUBLIC OF),,78,30,68,17,193,193,draft,https://digitallibrary.un.org/record/4030716
4030715,A/RES/78/221,78,2023-12-19,2023,General Assembly,A/C.3/78/L.42,A/78/481/Add.3,A/78/PV.50,"Situation of human rights in the temporarily occupied territories of Ukraine, including the Autonomous Republic of Crimea and the city of Sevastopol : resolution / adopted by the General Assembly",Human rights situations and reports of special rapporteurs and representatives.,HUMAN RIGHTS--REPORTS|HUMAN RIGHTS--UKRAINE,,78,15,79,21,193,193,draft,https://digitallibrary.un.org/record/4030715
4030714,A/RES/78/222,78,2023-12-19,2023,General Assembly,A/C.3/78/L.43,A/78/481/Add.3,A/78/PV.50,Situation of human rights in the Syrian Arab Republic : resolution / adopted by the General Assembly,Human rights situations and reports of special rapporteurs and representatives.,HUMAN RIGHTS--REPORTS|HUMAN RIGHTS--SYRIAN ARAB REPUBLIC,,88,16,73,16,193,193,draft,https://digitallibrary.un.org/record/4030714
4031009,A/RES/78/234,78,2023-12-22,2023,General Assembly,A/C.3/78/L.60/Rev.1,A/78/478,A/78/PV.50 (Resumption 1),"A global call for concrete action for the elimination of racism, racial discrimination, xenophobia and related intolerance and the comprehensive implementation of and follow-up to the Durban Declaration and Programme of Action : resolution / adopted by the General Assembly",Comprehensive implementation of and follow-up to the Durban Declaration and Programme of Action.,RACIAL DISCRIMINATION--PROGRAMMES OF ACTION,,110,16,39,28,193,193,draft,https://digitallibrary.un.org/record/4031009
4069721,A/RES/79/152,79,2024-12-17,2024,General Assembly,A/C.3/79/L.17/Rev.1,A/79/451,A/79/PV.53,Intensification of efforts to prevent and eliminate all forms of violence against women and girls : the digital environment : resolution / adopted by the General Assembly,Advancement of women.,WOMEN'S ADVANCEMENT,,174,0,11,8,193,193,draft,https://digitallibrary.un.org/record/4069721
4069722,A/RES/79/157,79,2024-12-17,2024,General Assembly,A/C.3/79/L.33,A/79/453,A/79/PV.53,Report of the Human Rights Council : resolution / adopted by the General Assembly,Report of the Human Rights Council.,UN. HUMAN RIGHTS COUNCIL--REPORTS,,119,5,60,9,193,193,draft,https://digitallibrary.un.org/record/4069722
4069723,A/RES/79/160,79,2024-12-17,2024,General Assembly,A/C.3/79/L.2,A/79/456,A/79/PV.53,"Combating glorification of Nazism, neo-Nazism and other practices that contribute to fuelling contemporary forms of racism, racial discrimination, xenophobia and related intolerance : resolution / adopted by the General Assembly","Elimination of racism, racial discrimination, xenophobia and related intolerance.",RACIAL DISCRIMINATION--ELIMINATION,,119,53,10,11,193,193,draft,https://digitallibrary.un.org/record/4069723
4069724,A/RES/79/161,79,2024-12-17,2024,General Assembly,A/C.3/79/L.48/Rev.1,A/79/456,A/79/PV.53,"A global call for concrete action for the elimination of racism, racial discrimination, xenophobia and related intolerance and the comprehensive implementation of and follow-up to the Durban Declaration and Programme of Action : resolution / adopted by the General Assembly",Comprehensive implementation of and follow-up to the Durban Declaration and Programme of Action.,RACIAL DISCRIMINATION--PROGRAMMES OF ACTION,,129,21,35,8,193,193,draft,https://digitallibrary.un.org/record/4069724
4069725,A/RES/79/162,79,2024-12-17,2024,General Assembly,A/C.3/79/L.24,A/79/457,A/79/PV.53,Use of mercenaries as a means of violating human rights and impeding the exercise of the right of peoples to self-determination : resolution / adopted by the General Assembly,Right of peoples to self-determination.,SELF-DETERMINATION OF PEOPLES|MERCENARIES,,126,53,6,8,193,193,draft,https://digitallibrary.un.org/record/4069725
4069726,A/RES/79/163,79,2024-12-17,2024,General Assembly,A/C.3/79/L.49,A/79/457,A/79/PV.53,The right of the Palestinian people to self-determination : resolution / adopted by the General Assembly,Right of peoples to self-determination.,SELF-DETERMINATION OF PEOPLES,,172,7,8,6,193,193,draft,https://digitallibrary.un.org/record/4069726
4069727,A/RES/79/167,79,2024-12-17,2024,General Assembly,A/C.3/79/L.25,A/79/458/Add.2,A/79/PV.53,Human rights and unilateral coercive measures : resolution / adopted by the General Assembly,"Human rights questions, including alternative approaches for improving the effective enjoyment of human rights and fundamental freedoms.",HUMAN RIGHTS ADVANCEMENT|SANCTIONS--INTERNATIONAL RELATIONS,,131,55,0,7,193,193,draft,https://digitallibrary.un.org/record/4069727
4069728,A/RES/79/168,79,2024-12-17,2024,General Assembly,A/C.3/79/L.26,A/79/458/Add.2,A/79/PV.53,Promotion of a democratic and equitable international order : resolution / adopted by the General Assembly,"Human rights questions, including alternative approaches for improving the effective enjoyment of human rights and fundamental freedoms.",HUMAN RIGHTS ADVANCEMENT|DEMOCRACY,,125,55,7,6,193,193,draft,https://digitallibrary.un.org/record/4069728
4069729,A/RES/79/169,79,2024-12-17,2024,General Assembly,A/C.3/79/L.27,A/79/458/Add.2,A/79/PV.53,Promotion of peace as a vital requirement for the full enjoyment of all human rights by all : resolution / adopted by the General Assembly,"Human rights questions, including alternative approaches for improving the effective enjoyment of human rights and fundamental freedoms.",HUMAN RIGHTS ADVANCEMENT,,133,54,0,6,193,193,draft,https://digitallibrary.un.org/record/4069729
4069730,A/RES/79/170,79,2024-12-17,2024,General Assembly,A/C.3/79/L.28,A/79/458/Add.2,A/79/PV.53,The right to development : resolution / adopted by the General Assembly,"Human rights questions, including alternative approaches for improving the effective enjoyment of human rights and fundamental freedoms.",HUMAN RIGHTS ADVANCEMENT|RIGHT TO DEVELOPMENT,,132,25,30,6,193,193,draft,https://digitallibrary.un.org/record/4069730
4069731,A/RES/79/176,79,2024-12-17,2024,General Assembly,A/C.3/79/L.47,A/79/458/Add.2,A/79/PV.53,"Extrajudicial, summary or arbitrary executions : resolution / adopted by the General Assembly","Human rights questions, including alternative approaches for improving the effective enjoyment of human rights and fundamental freedoms.",HUMAN RIGHTS ADVANCEMENT|SUMMARY EXECUTIONS,,137,1,46,9,193,193,draft,https://digitallibrary.un.org/record/4069731
4069732,A/RES/79/179,79,2024-12-17,2024,General Assembly,A/C.3/79/L.37/Rev.1,A/79/458/Add.2,A/79/PV.53,Moratorium on the use of the death penalty : resolution / adopted by the General Assembly,"Human rights questions, including alternative approaches for improving the effective enjoyment of human rights and fundamental freedoms.",HUMAN RIGHTS ADVANCEMENT|CAPITAL PUNISHMENT,,130,32,22,9,193,193,draft,https://digitallibrary.un.org/record/4069732
4069733,A/RES/79/183,79,2024-12-17,2024,General Assembly,A/C.3/79/L.41,A/79/458/Add.3,A/79/PV.53,Situation of human rights in the Islamic Republic of Iran : resolution / adopted by the General Assembly,Human rights situations and reports of special rapporteurs and representatives.,HUMAN RIGHTS--REPORTS|HUMAN RIGHTS--IRAN (ISLAMIC REPUBLIC OF),,80,27,68,18,193,193,draft,https://digitallibrary.un.org/record/4069733
4069734,A/RES/79/184,79,2024-12-17,2024,General Assembly,A/C.3/79/L.44,A/79/458/Add.3,A/79/PV.53,"Situation of human rights in the temporarily occupied territories of Ukraine, including the Autonomous Republic of Crimea and the city of Sevastopol : resolution / adopted by the General Assembly",Human rights situations and reports of special rapporteurs and representatives.,HUMAN RIGHTS--REPORTS|HUMAN RIGHTS--UKRAINE,,81,14,80,18,193,193,draft,https://digitallibrary.un.org/record/4069734
4069735,A/RES/79/185,79,2024-12-17,2024,General Assembly,A/C.3/79/L.45,A/79/458/Add.3,A/79/PV.53,Situation of human rights in the Syrian Arab Republic : resolution / adopted by the General Assembly,Human rights situations and reports of special rapporteurs and representatives.,HUMAN RIGHTS--REPORTS|HUMAN RIGHTS--SYRIAN ARAB REPUBLIC,,90,12,75,16,193,193,draft,https://digitallibrary.un.org/record/4069735
4095637,A/RES/80/175,80,2025-12-15,2025,General Assembly,A/C.3/80/L.16,A/80/545,A/80/PV.62,"Inclusive policies and programmes to address homelessness, including in the aftermath of the coronavirus disease (COVID-19) : resolution / adopted by the General Assembly",Social development.,SOCIAL DEVELOPMENT,,179,2,1,11,193,193,draft,https://digitallibrary.un.org/record/4095637
4095638,A/RES/80/176,80,2025-12-15,2025,General Assembly,A/C.3/80/L.11/Rev.1,A/80/545,A/80/PV.62,Addressing the challenges of persons living with a rare disease and their families : resolution / adopted by the General Assembly,Social development.,SOCIAL DEVELOPMENT,,179,2,1,11,193,193,draft,https://digitallibrary.un.org/record/4095638
4095639,A/RES/80/177,80,2025-12-15,2025,General Assembly,A/C.3/80/L.14/Rev.1,A/80/545,A/80/PV.62,Persons with albinism : resolution / adopted by the General Assembly,Social development.,SOCIAL DEVELOPMENT,,179,3,0,11,193,193,draft,https://digitallibrary.un.org/record/4095639
4095640,A/RES/80/178,80,2025-12-15,2025,General Assembly,A/C.3/80/L.12/Rev.1,A/80/545,A/80/PV.62,Implementation of the outcome of the World Summit for Social Development and of the 24th special session of the General Assembly : resolution / adopted by the General Assembly,Implementation of the outcome of the World Summit for Social Development and of the 24th special session of the General Assembly.,SOCIAL DEVELOPMENT--CONFERENCES,,180,3,0,10,193,193,draft,https://digitallibrary.un.org/record/4095640
4095641,A/RES/80/180,80,2025-12-15,2025,General Assembly,A/C.3/80/L.6/Rev.1,A/80/545,A/80/PV.62,Policies and programmes involving youth : resolution / adopted by the General Assembly,"Social development, including questions relating to the world social situation and to youth, ageing, disabled persons and the family.",SOCIAL CONDITIONS|YOUTH,,179,3,1,10,193,193,draft,https://digitallibrary.un.org/record/4095641
4095642,A/RES/80/181,80,2025-12-15,2025,General Assembly,A/C.3/80/L.10/Rev.1,A/80/545,A/80/PV.62,Promoting social integration through social inclusion : resolution / adopted by the General Assembly,"Social development, including questions relating to the world social situation and to youth, ageing, disabled persons and the family.",SOCIAL CONDITIONS,,177,2,2,12,193,193,draft,https://digitallibrary.un.org/record/4095642
4095643,A/RES/80/182,80,2025-12-15,2025,General Assembly,A/C.3/80/L.15,A/80/545,A/80/PV.62,Cooperatives in social development : resolution / adopted by the General Assembly,"Social development, including questions relating to the world social situation and to youth, ageing, disabled persons and the family.",SOCIAL CONDITIONS,,179,3,0,11,193,193,draft,https://digitallibrary.un.org/record/4095643
4095644,A/RES/80/184,80,2025-12-15,2025,General Assembly,A/C.3/80/L.19,A/80/545,A/80/PV.62,Improvement of the situation of women and girls in rural areas : resolution / adopted by the General Assembly,Advancement of women.,WOMEN'S ADVANCEMENT|RURAL WOMEN,,178,3,0,12,193,193,draft,https://digitallibrary.un.org/record/4095644
4095645,A/RES/80/185,80,2025-12-15,2025,General Assembly,A/C.3/80/L.18/Rev.1,A/80/545,A/80/PV.62,Violence against women migrant workers : resolution / adopted by the General Assembly,Advancement of women.,WOMEN'S ADVANCEMENT|WOMEN MIGRANT WORKERS,,175,3,3,12,193,193,draft,https://digitallibrary.un.org/record/4095645
4095646,A/RES/80/186,80,2025-12-15,2025,General Assembly,A/C.3/80/L.59,A/80/545,A/80/PV.62,Follow-up to the 4th World Conference on Women and full implementation of the Beijing Declaration and Platform for Action and the outcome of the 23rd special session of the General Assembly : resolution / adopted by the General Assembly,Implementation of the outcome of the 4th World Conference on Women and of the 23rd special session of the General Assembly.,WOMEN'S ADVANCEMENT--CONFERENCES,,179,3,0,11,193,193,draft,https://digitallibrary.un.org/record/4095646
4095647,A/RES/80/187,80,2025-12-15,2025,General Assembly,A/C.3/80/L.23,A/80/545,A/80/PV.62,Office of the United Nations High Commissioner for Refugees : resolution / adopted by the General Assembly,"Report of the United Nations High Commissioner for Refugees, questions relating to refugees, returnees and displaced persons and humanitarian questions.",UN HIGH COMMISSIONER FOR REFUGEES--REPORTS,,171,4,5,13,193,193,draft,https://digitallibrary.un.org/record/4095647
4095648,A/RES/80/188,80,2025-12-15,2025,General Assembly,A/C.3/80/L.54,A/80/545,A/80/PV.62,"Assistance to refugees, returnees and displaced persons in Africa : resolution / adopted by the General Assembly","Report of the United Nations High Commissioner for Refugees, questions relating to refugees, returnees and displaced persons and humanitarian questions.",UN HIGH COMMISSIONER FOR REFUGEES--REPORTS,,179,1,1,12,193,193,draft,https://digitallibrary.un.org/record/4095648
4095629,A/RES/80/189,80,2025-12-15,2025,General Assembly,A/C.3/80/L.24,A/80/545,A/80/PV.62,Report of the Human Rights Council : resolution / adopted by the General Assembly,Report of the Human Rights Council.,UN. HUMAN RIGHTS COUNCIL--REPORTS,,114,7,59,13,193,193,draft,https://digitallibrary.un.org/record/4095629
4095630,A/RES/80/190,80,2025-12-15,2025,General Assembly,A/C.3/80/L.20/Rev.1,A/80/545,A/80/PV.62,Rights of the child : resolution / adopted by the General Assembly,Promotion and protection of the rights of children.,RIGHTS OF THE CHILD,,176,4,1,12,193,193,draft,https://digitallibrary.un.org/record/4095630
4095631,A/RES/80/191,80,2025-12-15,2025,General Assembly,A/C.3/80/L.17,A/80/545,A/80/PV.62,Rights of indigenous peoples : resolution / adopted by the General Assembly,Rights of indigenous peoples.,INDIGENOUS PEOPLES,,166,3,8,16,193,193,draft,https://digitallibrary.un.org/record/4095631
4095632,A/RES/80/192,80,2025-12-15,2025,General Assembly,A/C.3/80/L.2,A/80/545,A/80/PV.62,"Combating glorification of Nazism, neo-Nazism and other practices that contribute to fuelling contemporary forms of racism, racial discrimination, xenophobia and related intolerance : resolution / adopted by the General Assembly","Elimination of racism, racial discrimination, xenophobia and related intolerance.",RACIAL DISCRIMINATION--ELIMINATION,,119,51,10,13,193,193,draft,https://digitallibrary.un.org/record/4095632
4095633,A/RES/80/193,80,2025-12-15,2025,General Assembly,A/C.3/80/L.55/Rev.1,A/80/545,A/80/PV.62,"A global call for concrete action for the elimination of racism, racial discrimination, xenophobia and related intolerance and the comprehensive implementation of and follow-up to the Durban Declaration and Programme of Action : resolution / adopted by the General Assembly",Comprehensive implementation of and follow-up to the Durban Declaration and Programme of Action.,RACIAL DISCRIMINATION--PROGRAMMES OF ACTION,,127,16,40,10,193,193,draft,https://digitallibrary.un.org/record/4095633
4095634,A/RES/80/194,80,2025-12-15,2025,General Assembly,A/C.3/80/L.42,A/80/545,A/80/PV.62,Use of mercenaries as a means of violating human rights and impeding the exercise of the right of peoples to self-determination : resolution / adopted by the General Assembly,Right of peoples to self-determination.,SELF-DETERMINATION OF PEOPLES|MERCENARIES,,121,53,5,14,193,193,draft,https://digitallibrary.un.org/record/4095634
4095635,A/RES/80/195,80,2025-12-15,2025,General Assembly,A/C.3/80/L.26,A/80/545,A/80/PV.62,The right of the Palestinian people to self-determination : resolution / adopted by the General Assembly,Right of peoples to self-determination.,SELF-DETERMINATION OF PEOPLES,,164,8,9,12,193,193,draft,https://digitallibrary.un.org/record/4095635
4095636,A/RES/80/198,80,2025-12-15,2025,General Assembly,A/C.3/80/L.49/Rev.1,A/80/545,A/80/PV.63,"Torture and other cruel, inhuman or degrading treatment or punishment : resolution / adopted by the General Assembly",Implementation of human rights instruments.,HUMAN RIGHTS--INTERNATIONAL INSTRUMENTS|TORTURE AND OTHER CRUEL TREATMENT,,173,3,2,15,193,193,draft,https://digitallibrary.un.org/record/4095636
4095921,A/RES/80/197,80,2025-12-17,2025,General Assembly,A/C.3/80/L.44/Rev.1,A/80/545,A/80/PV.67,Implementation of the Convention on the Rights of Persons with Disabilities and the Optional Protocol thereto : amplified barriers in diverse contexts : resolution / adopted by the General Assembly,Implementation of human rights instruments.,HUMAN RIGHTS--INTERNATIONAL INSTRUMENTS|PERSONS WITH DISABILITIES--HUMAN RIGHTS,,176,2,0,15,193,193,draft,https://digitallibrary.un.org/record/4095921
4096575,A/RES/80/199,80,2025-12-18,2025,General Assembly,A/C.3/80/L.22,A/80/545,A/80/PV.69,"Effective promotion of the Declaration on the Rights of Persons Belonging to National or Ethnic, Religious and Linguistic Minorities : resolution / adopted by the General Assembly","Human rights questions, including alternative approaches for improving the effective enjoyment of human rights and fundamental freedoms.",HUMAN RIGHTS ADVANCEMENT|MINORITIES,,173,1,3,16,193,193,draft,https://digitallibrary.un.org/record/4096575
4096553,A/RES/80/203,80,2025-12-18,2025,General Assembly,A/C.3/80/L.34,A/80/545,A/80/PV.69,"Strengthening United Nations action in the field of human rights through the promotion of international cooperation and the importance of non-selectivity, impartiality and objectivity : resolution / adopted by the General Assembly","Human rights questions, including alternative approaches for improving the effective enjoyment of human rights and fundamental freedoms.",HUMAN RIGHTS ADVANCEMENT,,169,3,5,16,193,193,draft,https://digitallibrary.un.org/record/4096553
4096554,A/RES/80/204,80,2025-12-18,2025,General Assembly,A/C.3/80/L.35,A/80/545,A/80/PV.69,Enhancement of international cooperation in the field of human rights : resolution / adopted by the General Assembly,"Human rights questions, including alternative approaches for improving the effective enjoyment of human rights and fundamental freedoms.",HUMAN RIGHTS ADVANCEMENT,,175,3,2,13,193,193,draft,https://digitallibrary.un.org/record/4096554
4096555,A/RES/80/205,80,2025-12-18,2025,General Assembly,A/C.3/80/L.36,A/80/545,A/80/PV.69,Human rights and cultural diversity : resolution / adopted by the General Assembly,"Human rights questions, including alternative approaches for improving the effective enjoyment of human rights and fundamental freedoms.",HUMAN RIGHTS ADVANCEMENT,,122,55,1,15,193,193,draft,https://digitallibrary.un.org/record/4096555
4096556,A/RES/80/206,80,2025-12-18,2025,General Assembly,A/C.3/80/L.37,A/80/545,A/80/PV.69,Promotion of equitable geographical distribution in the membership of the human rights treaty bodies : resolution / adopted by the General Assembly,"Human rights questions, including alternative approaches for improving the effective enjoyment of human rights and fundamental freedoms.",HUMAN RIGHTS ADVANCEMENT,,124,53,1,15,193,193,draft,https://digitallibrary.un.org/record/4096556
4096557,A/RES/80/207,80,2025-12-18,2025,General Assembly,A/C.3/80/L.38,A/80/545,A/80/PV.69,The right to development : resolution / adopted by the General Assembly,"Human rights questions, including alternative approaches for improving the effective enjoyment of human rights and fundamental freedoms.",HUMAN RIGHTS ADVANCEMENT|RIGHT TO DEVELOPMENT,,127,23,32,11,193,193,draft,https://digitallibrary.un.org/record/4096557
4096558,A/RES/80/208,80,2025-12-18,2025,General Assembly,A/C.3/80/L.39/Rev.1,A/80/545,A/80/PV.69,Promotion of a democratic and equitable international order : resolution / adopted by the General Assembly,"Human rights questions, including alternative approaches for improving the effective enjoyment of human rights and fundamental freedoms.",HUMAN RIGHTS ADVANCEMENT|DEMOCRACY,,119,55,7,12,193,193,draft,https://digitallibrary.un.org/record/4096558
4096559,A/RES/80/209,80,2025-12-18,2025,General Assembly,A/C.3/80/L.40,A/80/545,A/80/PV.69,Human rights and unilateral coercive measures : resolution / adopted by the General Assembly,"Human rights questions, including alternative approaches for improving the effective enjoyment of human rights and fundamental freedoms.",HUMAN RIGHTS ADVANCEMENT|SANCTIONS--INTERNATIONAL RELATIONS,,122,56,0,15,193,193,draft,https://digitallibrary.un.org/record/4096559
4096560,A/RES/80/210,80,2025-12-18,2025,General Assembly,A/C.3/80/L.41,A/80/545,A/80/PV.69,The right to food : resolution / adopted by the General Assembly,"Human rights questions, including alternative approaches for improving the effective enjoyment of human rights and fundamental freedoms.",HUMAN RIGHTS ADVANCEMENT|RIGHT TO FOOD,,176,3,2,12,193,193,draft,https://digitallibrary.un.org/record/4096560
4096562,A/RES/80/212,80,2025-12-18,2025,General Assembly,A/C.3/80/L.21,A/80/545,A/80/PV.69,Subregional Centre for Human Rights and Democracy in Central Africa : resolution / adopted by the General Assembly,"Human rights questions, including alternative approaches for improving the effective enjoyment of human rights and fundamental freedoms.",HUMAN RIGHTS ADVANCEMENT|HUMAN RIGHTS INSTITUTIONS--CENTRAL AFRICA,,178,3,0,12,193,193,draft,https://digitallibrary.un.org/record/4096562
4096563,A/RES/80/213,80,2025-12-18,2025,General Assembly,A/C.3/80/L.43,A/80/545,A/80/PV.69,Terrorism and human rights : resolution / adopted by the General Assembly,"Human rights questions, including alternative approaches for improving the effective enjoyment of human rights and fundamental freedoms.",HUMAN RIGHTS ADVANCEMENT|TERRORISM--HUMAN RIGHTS,,177,3,1,12,193,193,draft,https://digitallibrary.un.org/record/4096563
4096564,A/RES/80/214,80,2025-12-18,2025,General Assembly,A/C.3/80/L.45/Rev.1,A/80/545,A/80/PV.69,National human rights institutions : resolution / adopted by the General Assembly,"Human rights questions, including alternative approaches for improving the effective enjoyment of human rights and fundamental freedoms.",HUMAN RIGHTS ADVANCEMENT|NATIONAL INSTITUTIONS--HUMAN RIGHTS,,167,2,11,13,193,193,draft,https://digitallibrary.un.org/record/4096564
4096565,A/RES/80/215,80,2025-12-18,2025,General Assembly,A/C.3/80/L.46/Rev.1,A/80/545,A/80/PV.69,Promotion and protection of human rights in the context of digital technologies : resolution / adopted by the General Assembly,"Human rights questions, including alternative approaches for improving the effective enjoyment of human rights and fundamental freedoms.",HUMAN RIGHTS ADVANCEMENT,,174,3,4,12,193,193,draft,https://digitallibrary.un.org/record/4096565
4096566,A/RES/80/216,80,2025-12-18,2025,General Assembly,A/C.3/80/L.47,A/80/545,A/80/PV.69,The human rights to safe drinking water and sanitation : resolution / adopted by the General Assembly,"Human rights questions, including alternative approaches for improving the effective enjoyment of human rights and fundamental freedoms.",HUMAN RIGHTS ADVANCEMENT|RIGHT TO DRINKING WATER,,176,2,2,13,193,193,draft,https://digitallibrary.un.org/record/4096566
4096567,A/RES/80/218,80,2025-12-18,2025,General Assembly,A/C.3/80/L.52,A/80/545,A/80/PV.69,Protection of migrants : resolution / adopted by the General Assembly,"Human rights questions, including alternative approaches for improving the effective enjoyment of human rights and fundamental freedoms.",HUMAN RIGHTS ADVANCEMENT|MIGRANTS--PROTECTION,,147,4,27,15,193,193,draft,https://digitallibrary.un.org/record/4096567
4096568,A/RES/80/222,80,2025-12-18,2025,General Assembly,A/C.3/80/L.30,A/80/545,A/80/PV.69,Situation of human rights in the Islamic Republic of Iran : resolution / adopted by the General Assembly,Human rights situations and reports of special rapporteurs and representatives.,HUMAN RIGHTS--REPORTS|HUMAN RIGHTS--IRAN (ISLAMIC REPUBLIC OF),,78,27,64,24,193,193,draft,https://digitallibrary.un.org/record/4096568
4096570,A/RES/80/224,80,2025-12-18,2025,General Assembly,A/C.3/80/L.31/Rev.1,A/80/545,A/80/PV.69,Situation of human rights in the Syrian Arab Republic : resolution / adopted by the General Assembly,Human rights situations and reports of special rapporteurs and representatives.,HUMAN RIGHTS--REPORTS|HUMAN RIGHTS--SYRIAN ARAB REPUBLIC,,114,2,47,30,193,193,draft,https://digitallibrary.un.org/record/4096570
4096571,A/RES/80/228,80,2025-12-18,2025,General Assembly,A/C.3/80/L.4/Rev.1,A/80/545,A/80/PV.69,Improving the coordination of efforts against trafficking in persons : resolution / adopted by the General Assembly,Crime prevention and criminal justice.,CRIME PREVENTION,,139,3,38,13,193,193,draft,https://digitallibrary.un.org/record/4096571
